觀測時間(hour),測站氣壓(hPa),海平面氣壓(hPa),氣溫(℃),露點溫度(℃),相對溼度(%),風速(m/s),風向(360degree),最大陣風(m/s),最大陣風風向(360degree),降水量(mm)	,降水時數(hr),日照時數(hr),全天空日射量(MJ/㎡),能見度(km)	,紫外線指數,總雲量(0~10)
ObsTime,StnPres,SeaPres,Temperature,Td dew point,RH,WS,WD,WSGust,WDGust,Precp,PrecpHour,SunShine,GloblRad,Visb,UVI,Cloud Amount
2019_10_01_01,9910,,236,,94,27,358,,,00,,,,,,
2019_10_01_02,9921,,235,,99,21,9,,,05,,,,,,
2019_10_01_03,9925,,235,,99,08,284,,,00,,,,,,
2019_10_01_04,9933,,233,,99,18,352,,,65,,,,,,
2019_10_01_05,9941,,233,,99,17,340,,,05,,,,,,
2019_10_01_06,9952,,231,,99,12,309,,,05,,,,,,
2019_10_01_07,9965,,238,,99,03,238,,,00,,,,,,
2019_10_01_08,9975,,246,,99,09,176,,,00,,,,,,
2019_10_01_09,9983,,260,,93,11,147,,,00,,,,,,
2019_10_01_10,9986,,262,,92,14,124,,,00,,,,,,
2019_10_01_11,9987,,278,,82,20,134,,,00,,,,,,
2019_10_01_12,9981,,302,,74,20,141,,,00,,,,,,
2019_10_01_13,9975,,298,,74,20,127,,,00,,,,,,
2019_10_01_14,9968,,322,,57,18,215,,,00,,,,,,
2019_10_01_15,9968,,303,,64,19,218,,,00,,,,,,
2019_10_01_16,9972,,308,,56,21,236,,,00,,,,,,
2019_10_01_17,9977,,297,,65,13,259,,,00,,,,,,
2019_10_01_18,9977,,270,,71,11,231,,,00,,,,,,
2019_10_01_19,/,,/,,/,/,/,,,00,,,,,,
2019_10_01_20,9983,,245,,87,10,210,,,00,,,,,,
2019_10_01_21,9984,,244,,89,09,201,,,00,,,,,,
2019_10_01_22,9984,,239,,91,14,202,,,00,,,,,,
2019_10_01_23,9986,,235,,96,13,201,,,00,,,,,,
2019_10_01_24,9988,,232,,95,13,204,,,00,,,,,,
2019_10_02_01,9990,,232,,95,12,178,,,X,,,,,,
2019_10_02_02,9991,,233,,92,08,198,,,00,,,,,,
2019_10_02_03,9991,,231,,92,10,171,,,00,,,,,,
2019_10_02_04,9991,,232,,93,11,193,,,00,,,,,,
2019_10_02_05,9997,,228,,93,08,172,,,00,,,,,,
2019_10_02_06,10000,,221,,96,11,187,,,00,,,,,,
2019_10_02_07,10007,,242,,82,13,182,,,00,,,,,,
2019_10_02_08,10009,,271,,72,20,151,,,00,,,,,,
2019_10_02_09,10010,,296,,64,25,124,,,00,,,,,,
2019_10_02_10,10010,,317,,57,17,133,,,00,,,,,,
2019_10_02_11,10003,,331,,54,17,217,,,00,,,,,,
2019_10_02_12,9997,,336,,56,22,223,,,00,,,,,,
2019_10_02_13,9993,,340,,54,22,247,,,00,,,,,,
2019_10_02_14,9987,,345,,53,16,212,,,00,,,,,,
2019_10_02_15,9986,,335,,61,22,274,,,00,,,,,,
2019_10_02_16,9986,,320,,69,19,267,,,00,,,,,,
2019_10_02_17,9986,,303,,75,22,265,,,00,,,,,,
2019_10_02_18,9989,,284,,84,22,256,,,00,,,,,,
2019_10_02_19,9993,,269,,92,09,221,,,00,,,,,,
2019_10_02_20,9999,,272,,91,16,235,,,00,,,,,,
2019_10_02_21,10003,,266,,93,11,213,,,00,,,,,,
2019_10_02_22,10005,,255,,98,09,168,,,00,,,,,,
2019_10_02_23,10003,,255,,99,21,250,,,00,,,,,,
2019_10_02_24,10004,,248,,99,07,168,,,00,,,,,,
2019_10_03_01,10003,,242,,99,05,223,,,00,,,,,,
2019_10_03_02,10003,,242,,99,05,176,,,00,,,,,,
2019_10_03_03,10003,,239,,99,00,0,,,00,,,,,,
2019_10_03_04,10008,,235,,99,03,233,,,00,,,,,,
2019_10_03_05,10013,,237,,99,02,0,,,00,,,,,,
2019_10_03_06,10016,,237,,99,09,174,,,00,,,,,,
2019_10_03_07,10021,,247,,95,09,150,,,00,,,,,,
2019_10_03_08,10025,,270,,81,14,153,,,00,,,,,,
2019_10_03_09,10025,,303,,68,14,133,,,00,,,,,,
2019_10_03_10,10024,,318,,59,09,122,,,00,,,,,,
2019_10_03_11,10018,,325,,61,04,280,,,00,,,,,,
2019_10_03_12,10009,,331,,58,14,267,,,00,,,,,,
2019_10_03_13,10001,,337,,61,11,355,,,00,,,,,,
2019_10_03_14,9994,,336,,59,12,314,,,00,,,,,,
2019_10_03_15,9991,,333,,54,16,306,,,00,,,,,,
2019_10_03_16,9993,,307,,70,22,336,,,00,,,,,,
2019_10_03_17,9996,,288,,82,17,307,,,X,,,,,,
2019_10_03_18,9997,,271,,91,11,302,,,00,,,,,,
2019_10_03_19,10001,,262,,93,09,270,,,00,,,,,,
2019_10_03_20,10005,,259,,93,11,258,,,00,,,,,,
2019_10_03_21,10009,,254,,97,01,0,,,00,,,,,,
2019_10_03_22,10010,,251,,99,08,146,,,00,,,,,,
2019_10_03_23,10008,,250,,99,02,0,,,00,,,,,,
2019_10_03_24,10007,,246,,99,01,0,,,00,,,,,,
2019_10_04_01,10007,,248,,99,00,0,,,00,,,,,,
2019_10_04_02,10004,,244,,99,09,258,,,00,,,,,,
2019_10_04_03,10003,,241,,99,03,246,,,00,,,,,,
2019_10_04_04,10003,,243,,99,05,195,,,00,,,,,,
2019_10_04_05,10005,,236,,99,05,200,,,00,,,,,,
2019_10_04_06,10010,,233,,99,04,202,,,00,,,,,,
2019_10_04_07,10017,,241,,99,08,176,,,00,,,,,,
2019_10_04_08,10020,,275,,83,04,150,,,00,,,,,,
2019_10_04_09,10020,,294,,73,03,220,,,00,,,,,,
2019_10_04_10,10020,,310,,70,06,58,,,00,,,,,,
2019_10_04_11,10014,,310,,68,12,293,,,00,,,,,,
2019_10_04_12,10004,,314,,67,19,312,,,00,,,,,,
2019_10_04_13,9997,,325,,68,19,324,,,00,,,,,,
2019_10_04_14,9991,,316,,66,20,315,,,00,,,,,,
2019_10_04_15,9989,,309,,70,20,347,,,00,,,,,,
2019_10_04_16,9989,,297,,71,16,332,,,00,,,,,,
2019_10_04_17,9991,,286,,77,15,317,,,00,,,,,,
2019_10_04_18,9995,,271,,83,16,288,,,00,,,,,,
2019_10_04_19,10001,,260,,88,13,265,,,00,,,,,,
2019_10_04_20,10005,,254,,91,12,272,,,00,,,,,,
2019_10_04_21,10009,,249,,93,04,245,,,00,,,,,,
2019_10_04_22,10010,,247,,96,13,269,,,00,,,,,,
2019_10_04_23,10009,,245,,97,16,273,,,00,,,,,,
2019_10_04_24,10007,,242,,99,04,260,,,00,,,,,,
2019_10_05_01,10004,,242,,99,04,275,,,00,,,,,,
2019_10_05_02,10003,,242,,99,03,240,,,00,,,,,,
2019_10_05_03,10003,,242,,99,07,177,,,00,,,,,,
2019_10_05_04,10002,,242,,99,06,227,,,00,,,,,,
2019_10_05_05,10004,,240,,99,02,0,,,00,,,,,,
2019_10_05_06,10009,,239,,99,00,0,,,00,,,,,,
2019_10_05_07,10014,,244,,99,06,189,,,00,,,,,,
2019_10_05_08,10017,,261,,91,03,183,,,00,,,,,,
2019_10_05_09,10019,,294,,79,06,138,,,00,,,,,,
2019_10_05_10,10018,,291,,80,05,252,,,00,,,,,,
2019_10_05_11,10016,,305,,71,12,288,,,00,,,,,,
2019_10_05_12,10011,,327,,67,15,307,,,00,,,,,,
2019_10_05_13,10003,,329,,65,16,297,,,00,,,,,,
2019_10_05_14,10001,,320,,66,18,290,,,00,,,,,,
2019_10_05_15,9997,,299,,74,20,345,,,00,,,,,,
2019_10_05_16,10003,,287,,77,14,326,,,00,,,,,,
2019_10_05_17,10003,,277,,79,12,295,,,00,,,,,,
2019_10_05_18,/,,/,,/,/,/,,,00,,,,,,
2019_10_05_19,10009,,255,,87,18,260,,,00,,,,,,
2019_10_05_20,10017,,258,,85,17,239,,,00,,,,,,
2019_10_05_21,10027,,250,,92,05,192,,,00,,,,,,
2019_10_05_22,10025,,249,,95,14,205,,,00,,,,,,
2019_10_05_23,10026,,245,,97,03,239,,,00,,,,,,
2019_10_05_24,10027,,245,,97,08,205,,,00,,,,,,
2019_10_06_01,10025,,250,,95,09,219,,,00,,,,,,
2019_10_06_02,10022,,250,,96,00,0,,,00,,,,,,
2019_10_06_03,10019,,249,,97,04,297,,,00,,,,,,
2019_10_06_04,10016,,245,,98,10,264,,,00,,,,,,
2019_10_06_05,10019,,247,,98,11,268,,,00,,,,,,
2019_10_06_06,10020,,246,,99,06,280,,,00,,,,,,
2019_10_06_07,10028,,251,,98,07,244,,,00,,,,,,
2019_10_06_08,10031,,282,,84,09,142,,,00,,,,,,
2019_10_06_09,10034,,300,,76,06,140,,,00,,,,,,
2019_10_06_10,10033,,307,,73,13,255,,,00,,,,,,
2019_10_06_11,10025,,313,,70,09,279,,,00,,,,,,
2019_10_06_12,10017,,320,,67,20,259,,,00,,,,,,
2019_10_06_13,10015,,325,,65,15,246,,,00,,,,,,
2019_10_06_14,10012,,315,,68,21,260,,,00,,,,,,
2019_10_06_15,10011,,309,,70,24,244,,,00,,,,,,
2019_10_06_16,10015,,297,,74,25,259,,,00,,,,,,
2019_10_06_17,10017,,286,,77,18,252,,,00,,,,,,
2019_10_06_18,10019,,273,,83,10,270,,,00,,,,,,
2019_10_06_19,10024,,257,,92,00,0,,,00,,,,,,
2019_10_06_20,10029,,259,,92,11,263,,,00,,,,,,
2019_10_06_21,10034,,250,,95,09,286,,,00,,,,,,
2019_10_06_22,10034,,248,,95,06,263,,,00,,,,,,
2019_10_06_23,10036,,248,,95,06,254,,,00,,,,,,
2019_10_06_24,10035,,242,,98,07,260,,,00,,,,,,
2019_10_07_01,10034,,240,,99,05,213,,,00,,,,,,
2019_10_07_02,10031,,243,,99,07,178,,,X,,,,,,
2019_10_07_03,10028,,248,,96,09,203,,,00,,,,,,
2019_10_07_04,10026,,244,,99,06,203,,,X,,,,,,
2019_10_07_05,10027,,241,,99,07,234,,,00,,,,,,
2019_10_07_06,10031,,239,,99,00,0,,,00,,,,,,
2019_10_07_07,10035,,249,,99,08,209,,,00,,,,,,
2019_10_07_08,10043,,282,,80,08,118,,,00,,,,,,
2019_10_07_09,10049,,295,,75,11,110,,,00,,,,,,
2019_10_07_10,10050,,312,,68,09,322,,,00,,,,,,
2019_10_07_11,10043,,307,,70,17,302,,,00,,,,,,
2019_10_07_12,10035,,307,,74,13,327,,,00,,,,,,
2019_10_07_13,10030,,322,,69,17,348,,,00,,,,,,
2019_10_07_14,10024,,320,,68,15,333,,,00,,,,,,
2019_10_07_15,10021,,312,,70,18,325,,,00,,,,,,
2019_10_07_16,10023,,303,,73,15,323,,,00,,,,,,
2019_10_07_17,10026,,285,,76,11,314,,,00,,,,,,
2019_10_07_18,10028,,268,,82,10,311,,,00,,,,,,
2019_10_07_19,10028,,261,,85,10,287,,,00,,,,,,
2019_10_07_20,10032,,258,,89,12,274,,,00,,,,,,
2019_10_07_21,10037,,252,,92,14,269,,,00,,,,,,
2019_10_07_22,10037,,247,,94,17,275,,,00,,,,,,
2019_10_07_23,10036,,244,,96,05,181,,,00,,,,,,
2019_10_07_24,10032,,248,,96,08,209,,,00,,,,,,
2019_10_08_01,10026,,249,,97,03,272,,,00,,,,,,
2019_10_08_02,10022,,248,,97,00,0,,,00,,,,,,
2019_10_08_03,10019,,241,,98,00,0,,,00,,,,,,
2019_10_08_04,10016,,245,,99,05,222,,,00,,,,,,
2019_10_08_05,10020,,241,,99,06,250,,,00,,,,,,
2019_10_08_06,10025,,234,,99,09,206,,,00,,,,,,
2019_10_08_07,10031,,248,,91,05,190,,,00,,,,,,
2019_10_08_08,10036,,268,,80,11,142,,,00,,,,,,
2019_10_08_09,/,,/,,/,/,/,,,00,,,,,,
2019_10_08_10,10043,,297,,75,18,238,,,00,,,,,,
2019_10_08_11,10037,,302,,73,15,272,,,00,,,,,,
2019_10_08_12,10028,,299,,76,10,323,,,00,,,,,,
2019_10_08_13,10020,,317,,70,12,338,,,00,,,,,,
2019_10_08_14,10015,,301,,74,10,328,,,00,,,,,,
2019_10_08_15,10012,,312,,70,13,320,,,00,,,,,,
2019_10_08_16,10014,,302,,71,17,326,,,00,,,,,,
2019_10_08_17,10016,,286,,74,13,312,,,00,,,,,,
2019_10_08_18,10021,,269,,83,10,304,,,00,,,,,,
2019_10_08_19,10022,,261,,85,11,308,,,00,,,,,,
2019_10_08_20,10030,,252,,88,12,268,,,00,,,,,,
2019_10_08_21,10032,,247,,89,07,255,,,00,,,,,,
2019_10_08_22,10031,,244,,94,08,257,,,00,,,,,,
2019_10_08_23,10032,,245,,92,09,257,,,00,,,,,,
2019_10_08_24,/,,/,,/,/,/,,,00,,,,,,
2019_10_09_01,10024,,246,,96,07,221,,,00,,,,,,
2019_10_09_02,10020,,250,,94,03,196,,,00,,,,,,
2019_10_09_03,10016,,248,,96,08,219,,,00,,,,,,
2019_10_09_04,10016,,244,,98,09,279,,,00,,,,,,
2019_10_09_05,10016,,244,,96,11,268,,,00,,,,,,
2019_10_09_06,10020,,239,,99,10,259,,,00,,,,,,
2019_10_09_07,10025,,252,,98,02,0,,,00,,,,,,
2019_10_09_08,10030,,263,,89,05,134,,,00,,,,,,
2019_10_09_09,10033,,287,,82,03,57,,,00,,,,,,
2019_10_09_10,10031,,293,,76,16,244,,,00,,,,,,
2019_10_09_11,10026,,310,,68,17,246,,,00,,,,,,
2019_10_09_12,10017,,316,,62,15,237,,,00,,,,,,
2019_10_09_13,10008,,330,,59,21,278,,,00,,,,,,
2019_10_09_14,10000,,330,,55,18,260,,,00,,,,,,
2019_10_09_15,9996,,315,,67,14,328,,,00,,,,,,
2019_10_09_16,9996,,309,,66,20,304,,,X,,,,,,
2019_10_09_17,9999,,288,,74,15,308,,,00,,,,,,
2019_10_09_18,10003,,268,,83,10,309,,,00,,,,,,
2019_10_09_19,10006,,262,,84,11,310,,,00,,,,,,
2019_10_09_20,10016,,255,,86,10,293,,,00,,,,,,
2019_10_09_21,10019,,248,,89,11,272,,,00,,,,,,
2019_10_09_22,10019,,244,,89,15,276,,,00,,,,,,
2019_10_09_23,10019,,242,,90,12,267,,,00,,,,,,
2019_10_09_24,10017,,242,,92,10,203,,,00,,,,,,
2019_10_10_01,10014,,237,,93,05,254,,,00,,,,,,
2019_10_10_02,10009,,235,,95,15,271,,,00,,,,,,
2019_10_10_03,10004,,230,,96,09,276,,,00,,,,,,
2019_10_10_04,10003,,229,,96,13,266,,,00,,,,,,
2019_10_10_05,10006,,229,,96,14,270,,,00,,,,,,
2019_10_10_06,10011,,231,,97,11,268,,,00,,,,,,
2019_10_10_07,10016,,239,,97,00,0,,,00,,,,,,
2019_10_10_08,10020,,277,,81,11,166,,,00,,,,,,
2019_10_10_09,10023,,292,,77,12,18,,,00,,,,,,
2019_10_10_10,10023,,301,,70,12,71,,,00,,,,,,
2019_10_10_11,10015,,297,,70,09,340,,,00,,,,,,
2019_10_10_12,10006,,320,,57,13,317,,,00,,,,,,
2019_10_10_13,9998,,331,,52,20,273,,,00,,,,,,
2019_10_10_14,/,,/,,/,/,/,,,00,,,,,,
2019_10_10_15,9988,,318,,57,20,316,,,00,,,,,,
2019_10_10_16,9987,,303,,63,17,314,,,00,,,,,,
2019_10_10_17,9988,,275,,72,15,313,,,00,,,,,,
2019_10_10_18,9990,,260,,78,15,276,,,00,,,,,,
2019_10_10_19,9996,,246,,86,11,269,,,00,,,,,,
2019_10_10_20,10001,,232,,94,09,260,,,00,,,,,,
2019_10_10_21,10005,,235,,91,15,266,,,00,,,,,,
2019_10_10_22,10005,,228,,94,10,259,,,00,,,,,,
2019_10_10_23,10004,,228,,95,05,234,,,00,,,,,,
2019_10_10_24,10002,,226,,97,10,222,,,00,,,,,,
2019_10_11_01,9997,,224,,98,06,223,,,00,,,,,,
2019_10_11_02,9993,,222,,99,04,253,,,00,,,,,,
2019_10_11_03,9991,,221,,99,06,225,,,00,,,,,,
2019_10_11_04,9990,,224,,99,01,0,,,00,,,,,,
2019_10_11_05,9993,,226,,99,09,260,,,00,,,,,,
2019_10_11_06,9999,,228,,99,05,221,,,00,,,,,,
2019_10_11_07,10003,,238,,97,00,0,,,00,,,,,,
2019_10_11_08,10007,,249,,91,03,128,,,00,,,,,,
2019_10_11_09,10010,,292,,74,11,68,,,00,,,,,,
2019_10_11_10,10006,,285,,77,09,297,,,00,,,,,,
2019_10_11_11,9999,,304,,67,14,311,,,00,,,,,,
2019_10_11_12,9990,,314,,60,16,301,,,00,,,,,,
2019_10_11_13,9983,,320,,60,15,20,,,00,,,,,,
2019_10_11_14,9978,,318,,60,18,5,,,00,,,,,,
2019_10_11_15,9975,,316,,61,15,323,,,00,,,,,,
2019_10_11_16,9973,,312,,62,18,302,,,00,,,,,,
2019_10_11_17,9975,,281,,75,16,297,,,00,,,,,,
2019_10_11_18,9977,,263,,83,13,283,,,00,,,,,,
2019_10_11_19,9980,,253,,87,09,264,,,00,,,,,,
2019_10_11_20,9985,,243,,92,12,262,,,00,,,,,,
2019_10_11_21,9991,,243,,92,14,271,,,00,,,,,,
2019_10_11_22,9991,,239,,94,11,201,,,00,,,,,,
2019_10_11_23,9993,,236,,96,15,278,,,X,,,,,,
2019_10_11_24,9995,,238,,96,10,155,,,00,,,,,,
2019_10_12_01,9992,,235,,98,09,157,,,00,,,,,,
2019_10_12_02,9993,,236,,96,10,212,,,00,,,,,,
2019_10_12_03,9991,,237,,96,07,214,,,00,,,,,,
2019_10_12_04,9990,,232,,98,09,250,,,00,,,,,,
2019_10_12_05,9992,,230,,98,11,261,,,00,,,,,,
2019_10_12_06,9997,,230,,98,17,272,,,00,,,,,,
2019_10_12_07,10004,,244,,96,09,273,,,00,,,,,,
2019_10_12_08,10008,,265,,86,01,0,,,00,,,,,,
2019_10_12_09,10011,,294,,73,10,96,,,00,,,,,,
2019_10_12_10,10007,,307,,69,13,52,,,00,,,,,,
2019_10_12_11,10003,,297,,71,14,319,,,00,,,,,,
2019_10_12_12,9996,,315,,63,17,333,,,00,,,,,,
2019_10_12_13,9992,,322,,58,19,295,,,00,,,,,,
2019_10_12_14,9988,,319,,57,16,300,,,00,,,,,,
2019_10_12_15,/,,/,,/,/,/,,,00,,,,,,
2019_10_12_16,9984,,306,,66,13,322,,,00,,,,,,
2019_10_12_17,9986,,282,,77,13,307,,,00,,,,,,
2019_10_12_18,9988,,266,,85,10,307,,,00,,,,,,
2019_10_12_19,9994,,259,,87,15,264,,,00,,,,,,
2019_10_12_20,10002,,258,,89,13,252,,,X,,,,,,
2019_10_12_21,10008,,249,,93,00,0,,,00,,,,,,
2019_10_12_22,10010,,244,,95,09,214,,,00,,,,,,
2019_10_12_23,10009,,243,,96,07,179,,,00,,,,,,
2019_10_12_24,10011,,239,,98,10,147,,,00,,,,,,
2019_10_13_01,10009,,239,,97,10,208,,,00,,,,,,
2019_10_13_02,10010,,238,,98,09,239,,,00,,,,,,
2019_10_13_03,10008,,233,,98,12,275,,,00,,,,,,
2019_10_13_04,10009,,234,,99,14,271,,,00,,,,,,
2019_10_13_05,10011,,233,,99,17,265,,,00,,,,,,
2019_10_13_06,10016,,232,,99,13,267,,,00,,,,,,
2019_10_13_07,10020,,244,,96,06,270,,,00,,,,,,
2019_10_13_08,10025,,273,,83,08,124,,,00,,,,,,
2019_10_13_09,10028,,290,,76,09,26,,,00,,,,,,
2019_10_13_10,10029,,291,,78,14,16,,,00,,,,,,
2019_10_13_11,10026,,305,,69,16,340,,,00,,,,,,
2019_10_13_12,10018,,313,,62,13,320,,,00,,,,,,
2019_10_13_13,10013,,326,,57,21,332,,,00,,,,,,
2019_10_13_14,10009,,323,,56,20,322,,,00,,,,,,
2019_10_13_15,10006,,315,,61,21,330,,,00,,,,,,
2019_10_13_16,10007,,296,,63,26,354,,,00,,,,,,
2019_10_13_17,10008,,273,,72,25,351,,,00,,,,,,
2019_10_13_18,10009,,258,,76,28,355,,,00,,,,,,
2019_10_13_19,10013,,248,,77,19,343,,,00,,,,,,
2019_10_13_20,10019,,242,,77,12,339,,,00,,,,,,
2019_10_13_21,10024,,237,,81,14,345,,,00,,,,,,
2019_10_13_22,10025,,234,,83,10,311,,,00,,,,,,
2019_10_13_23,10027,,229,,87,10,278,,,00,,,,,,
2019_10_13_24,10029,,226,,88,13,274,,,00,,,,,,
2019_10_14_01,10028,,224,,88,07,289,,,00,,,,,,
2019_10_14_02,10027,,219,,91,08,273,,,00,,,,,,
2019_10_14_03,10024,,221,,90,08,302,,,00,,,,,,
2019_10_14_04,10024,,218,,88,10,327,,,00,,,,,,
2019_10_14_05,10027,,215,,87,10,326,,,00,,,,,,
2019_10_14_06,10034,,224,,85,10,335,,,00,,,,,,
2019_10_14_07,10040,,230,,82,15,348,,,00,,,,,,
2019_10_14_08,10046,,248,,78,12,354,,,00,,,,,,
2019_10_14_09,10049,,255,,76,10,10,,,00,,,,,,
2019_10_14_10,10049,,286,,65,07,35,,,00,,,,,,
2019_10_14_11,10047,,304,,60,10,12,,,00,,,,,,
2019_10_14_12,10042,,321,,56,13,306,,,00,,,,,,
2019_10_14_13,10037,,310,,60,18,355,,,00,,,,,,
2019_10_14_14,10030,,317,,54,20,355,,,00,,,,,,
2019_10_14_15,10030,,301,,51,35,357,,,00,,,,,,
2019_10_14_16,10031,,282,,56,36,3,,,00,,,,,,
2019_10_14_17,10036,,263,,60,24,357,,,00,,,,,,
2019_10_14_18,10038,,249,,65,29,359,,,00,,,,,,
2019_10_14_19,10043,,240,,63,25,355,,,00,,,,,,
2019_10_14_20,10044,,230,,68,16,340,,,00,,,,,,
2019_10_14_21,10047,,229,,68,19,351,,,00,,,,,,
2019_10_14_22,10052,,226,,65,20,350,,,00,,,,,,
2019_10_14_23,10052,,222,,67,14,349,,,00,,,,,,
2019_10_14_24,10053,,218,,69,11,314,,,00,,,,,,
2019_10_15_01,10052,,210,,73,08,332,,,00,,,,,,
2019_10_15_02,10049,,206,,77,04,317,,,00,,,,,,
2019_10_15_03,10047,,208,,79,11,276,,,00,,,,,,
2019_10_15_04,10049,,209,,77,06,297,,,00,,,,,,
2019_10_15_05,10049,,211,,79,05,293,,,00,,,,,,
2019_10_15_06,/,,/,,/,/,/,,,00,,,,,,
2019_10_15_07,10057,,217,,84,03,205,,,00,,,,,,
2019_10_15_08,10062,,240,,77,05,157,,,00,,,,,,
2019_10_15_09,10065,,270,,65,16,3,,,X,,,,,,
2019_10_15_10,10068,,273,,58,09,339,,,00,,,,,,
2019_10_15_11,10062,,309,,56,15,334,,,00,,,,,,
2019_10_15_12,10050,,315,,50,10,280,,,00,,,,,,
2019_10_15_13,10045,,310,,48,28,356,,,00,,,,,,
2019_10_15_14,10037,,305,,49,33,354,,,00,,,,,,
2019_10_15_15,10033,,293,,52,27,356,,,00,,,,,,
2019_10_15_16,10034,,275,,54,27,1,,,00,,,,,,
2019_10_15_17,10037,,251,,60,29,355,,,00,,,,,,
2019_10_15_18,10038,,232,,65,18,342,,,00,,,,,,
2019_10_15_19,10041,,223,,70,21,344,,,00,,,,,,
2019_10_15_20,10047,,216,,73,13,345,,,00,,,,,,
2019_10_15_21,10053,,215,,73,16,346,,,00,,,,,,
2019_10_15_22,10056,,210,,76,12,338,,,00,,,,,,
2019_10_15_23,10059,,206,,77,10,326,,,00,,,,,,
2019_10_15_24,10058,,203,,78,12,329,,,00,,,,,,
2019_10_16_01,10054,,201,,80,10,325,,,00,,,,,,
2019_10_16_02,10051,,205,,78,11,345,,,00,,,,,,
2019_10_16_03,10046,,203,,78,09,327,,,00,,,,,,
2019_10_16_04,10044,,200,,80,10,330,,,00,,,,,,
2019_10_16_05,10046,,197,,82,14,339,,,00,,,,,,
2019_10_16_06,10052,,199,,82,05,306,,,00,,,,,,
2019_10_16_07,10054,,215,,81,04,331,,,00,,,,,,
2019_10_16_08,10057,,245,,70,13,14,,,00,,,,,,
2019_10_16_09,10060,,267,,61,19,360,,,00,,,,,,
2019_10_16_10,10056,,286,,56,20,6,,,00,,,,,,
2019_10_16_11,10050,,287,,57,13,355,,,00,,,,,,
2019_10_16_12,10040,,309,,53,12,214,,,00,,,,,,
2019_10_16_13,10033,,298,,57,10,339,,,00,,,,,,
2019_10_16_14,10028,,292,,59,24,6,,,00,,,,,,
2019_10_16_15,10025,,298,,57,29,3,,,00,,,,,,
2019_10_16_16,10025,,280,,63,23,353,,,00,,,,,,
2019_10_16_17,10028,,257,,69,23,347,,,00,,,,,,
2019_10_16_18,10030,,240,,74,21,352,,,00,,,,,,
2019_10_16_19,10035,,231,,80,25,349,,,00,,,,,,
2019_10_16_20,10043,,230,,83,21,349,,,00,,,,,,
2019_10_16_21,10045,,225,,85,18,347,,,00,,,,,,
2019_10_16_22,10046,,221,,87,07,320,,,00,,,,,,
2019_10_16_23,10046,,222,,86,10,315,,,00,,,,,,
2019_10_16_24,10045,,213,,91,10,297,,,00,,,,,,
2019_10_17_01,10041,,209,,93,12,274,,,00,,,,,,
2019_10_17_02,10037,,201,,96,10,258,,,00,,,,,,
2019_10_17_03,10034,,207,,95,11,278,,,00,,,,,,
2019_10_17_04,10030,,211,,96,05,280,,,00,,,,,,
2019_10_17_05,10032,,214,,95,09,280,,,00,,,,,,
2019_10_17_06,10037,,213,,93,12,330,,,00,,,,,,
2019_10_17_07,10041,,224,,84,12,334,,,00,,,,,,
2019_10_17_08,10046,,234,,81,18,345,,,00,,,,,,
2019_10_17_09,10048,,266,,70,16,4,,,00,,,,,,
2019_10_17_10,10047,,294,,60,21,355,,,00,,,,,,
2019_10_17_11,10041,,307,,54,19,355,,,00,,,,,,
2019_10_17_12,10034,,308,,52,23,2,,,00,,,,,,
2019_10_17_13,10023,,312,,50,25,2,,,00,,,,,,
2019_10_17_14,10018,,302,,50,34,352,,,00,,,,,,
2019_10_17_15,10015,,293,,50,34,360,,,00,,,,,,
2019_10_17_16,/,,/,,/,/,/,,,00,,,,,,
2019_10_17_17,10015,,255,,57,22,349,,,00,,,,,,
2019_10_17_18,10017,,239,,61,19,343,,,00,,,,,,
2019_10_17_19,10025,,231,,63,23,347,,,00,,,,,,
2019_10_17_20,10032,,223,,67,13,341,,,00,,,,,,
2019_10_17_21,10038,,218,,72,15,344,,,00,,,,,,
2019_10_17_22,10041,,217,,73,18,342,,,00,,,,,,
2019_10_17_23,10043,,214,,74,16,349,,,00,,,,,,
2019_10_17_24,10041,,210,,76,12,347,,,00,,,,,,
2019_10_18_01,10037,,203,,76,12,335,,,00,,,,,,
2019_10_18_02,10031,,201,,76,11,327,,,00,,,,,,
2019_10_18_03,10028,,199,,77,12,329,,,00,,,,,,
2019_10_18_04,10026,,197,,79,09,325,,,00,,,,,,
2019_10_18_05,10029,,195,,79,11,346,,,00,,,,,,
2019_10_18_06,10030,,187,,82,06,306,,,00,,,,,,
2019_10_18_07,10035,,194,,82,01,0,,,00,,,,,,
2019_10_18_08,10040,,249,,59,10,13,,,00,,,,,,
2019_10_18_09,10043,,266,,50,11,31,,,00,,,,,,
2019_10_18_10,10044,,286,,45,18,55,,,00,,,,,,
2019_10_18_11,10036,,302,,41,22,360,,,00,,,,,,
2019_10_18_12,10028,,314,,42,17,359,,,00,,,,,,
2019_10_18_13,10022,,320,,43,20,332,,,00,,,,,,
2019_10_18_14,10017,,311,,46,25,3,,,00,,,,,,
2019_10_18_15,10016,,298,,50,26,5,,,00,,,,,,
2019_10_18_16,10019,,275,,59,31,356,,,00,,,,,,
2019_10_18_17,10021,,252,,66,26,353,,,00,,,,,,
2019_10_18_18,10022,,237,,69,32,353,,,00,,,,,,
2019_10_18_19,10027,,228,,72,20,344,,,00,,,,,,
2019_10_18_20,10033,,222,,74,26,351,,,00,,,,,,
2019_10_18_21,10035,,216,,75,19,349,,,00,,,,,,
2019_10_18_22,10035,,211,,74,18,348,,,00,,,,,,
2019_10_18_23,10035,,204,,78,11,338,,,00,,,,,,
2019_10_18_24,10034,,204,,76,12,328,,,00,,,,,,
2019_10_19_01,10033,,200,,77,11,314,,,00,,,,,,
2019_10_19_02,10030,,194,,83,08,279,,,X,,,,,,
2019_10_19_03,10030,,194,,84,10,290,,,00,,,,,,
2019_10_19_04,10030,,204,,82,14,341,,,00,,,,,,
2019_10_19_05,10034,,214,,80,20,356,,,00,,,,,,
2019_10_19_06,10038,,218,,80,18,356,,,00,,,,,,
2019_10_19_07,10045,,221,,82,19,360,,,00,,,,,,
2019_10_19_08,10051,,227,,80,19,2,,,00,,,,,,
2019_10_19_09,10053,,242,,75,17,12,,,00,,,,,,
2019_10_19_10,10052,,264,,67,12,12,,,00,,,,,,
2019_10_19_11,10044,,289,,58,18,8,,,00,,,,,,
2019_10_19_12,10037,,295,,55,21,357,,,00,,,,,,
2019_10_19_13,10029,,299,,54,34,356,,,00,,,,,,
2019_10_19_14,10024,,292,,56,31,359,,,00,,,,,,
2019_10_19_15,10024,,280,,60,32,353,,,00,,,,,,
2019_10_19_16,10025,,260,,67,36,358,,,00,,,,,,
2019_10_19_17,10028,,242,,74,21,351,,,00,,,,,,
2019_10_19_18,10031,,230,,79,20,348,,,00,,,,,,
2019_10_19_19,10034,,225,,81,22,354,,,00,,,,,,
2019_10_19_20,10038,,220,,83,20,346,,,00,,,,,,
2019_10_19_21,10040,,216,,85,19,353,,,00,,,,,,
2019_10_19_22,10037,,211,,88,11,336,,,00,,,,,,
2019_10_19_23,10037,,207,,89,11,333,,,00,,,,,,
2019_10_19_24,10037,,206,,88,13,344,,,00,,,,,,
2019_10_20_01,10033,,204,,89,10,332,,,00,,,,,,
2019_10_20_02,10030,,208,,87,07,335,,,00,,,,,,
2019_10_20_03,10030,,209,,84,14,344,,,00,,,,,,
2019_10_20_04,10026,,207,,83,14,343,,,00,,,,,,
2019_10_20_05,10025,,202,,85,11,342,,,00,,,,,,
2019_10_20_06,10031,,200,,84,15,344,,,00,,,,,,
2019_10_20_07,10035,,202,,83,11,350,,,00,,,,,,
2019_10_20_08,10040,,230,,72,18,4,,,00,,,,,,
2019_10_20_09,10046,,252,,64,23,14,,,00,,,,,,
2019_10_20_10,10044,,271,,56,21,5,,,00,,,,,,
2019_10_20_11,10038,,281,,53,21,16,,,00,,,,,,
2019_10_20_12,10027,,296,,48,26,348,,,00,,,,,,
2019_10_20_13,10020,,294,,48,28,355,,,00,,,,,,
2019_10_20_14,10013,,293,,48,31,5,,,X,,,,,,
2019_10_20_15,10010,,281,,52,31,355,,,00,,,,,,
2019_10_20_16,10012,,264,,58,29,360,,,00,,,,,,
2019_10_20_17,10012,,245,,65,19,350,,,00,,,,,,
2019_10_20_18,10013,,231,,69,23,346,,,00,,,,,,
2019_10_20_19,10018,,229,,71,20,351,,,00,,,,,,
2019_10_20_20,10021,,222,,76,20,354,,,00,,,,,,
2019_10_20_21,10024,,220,,78,17,349,,,00,,,,,,
2019_10_20_22,10024,,214,,82,12,329,,,00,,,,,,
2019_10_20_23,10025,,213,,83,11,331,,,00,,,,,,
2019_10_20_24,10021,,208,,85,08,313,,,00,,,,,,
2019_10_21_01,10015,,204,,88,07,327,,,00,,,,,,
2019_10_21_02,10010,,201,,88,09,317,,,00,,,,,,
2019_10_21_03,10009,,205,,88,11,332,,,00,,,,,,
2019_10_21_04,10010,,210,,86,04,332,,,00,,,,,,
2019_10_21_05,10010,,210,,87,08,352,,,00,,,,,,
2019_10_21_06,10012,,210,,87,11,342,,,00,,,,,,
2019_10_21_07,10017,,216,,85,10,342,,,00,,,,,,
2019_10_21_08,10023,,244,,74,13,350,,,00,,,,,,
2019_10_21_09,10024,,245,,72,19,356,,,00,,,,,,
2019_10_21_10,10021,,270,,61,18,21,,,00,,,,,,
2019_10_21_11,10012,,293,,55,17,5,,,00,,,,,,
2019_10_21_12,10003,,295,,54,22,9,,,00,,,,,,
2019_10_21_13,9994,,289,,55,21,28,,,00,,,,,,
2019_10_21_14,9990,,286,,55,21,341,,,00,,,,,,
2019_10_21_15,9989,,283,,55,29,1,,,00,,,,,,
2019_10_21_16,9990,,264,,61,28,2,,,00,,,,,,
2019_10_21_17,9992,,244,,66,19,341,,,X,,,,,,
2019_10_21_18,9998,,232,,69,20,341,,,00,,,,,,
2019_10_21_19,9999,,223,,73,10,327,,,00,,,,,,
2019_10_21_20,10004,,215,,77,10,325,,,00,,,,,,
2019_10_21_21,10009,,208,,81,09,273,,,00,,,,,,
2019_10_21_22,10009,,197,,87,17,271,,,00,,,,,,
2019_10_21_23,10007,,195,,88,12,273,,,00,,,,,,
2019_10_21_24,10002,,192,,89,16,270,,,00,,,,,,
2019_10_22_01,9997,,189,,91,11,267,,,00,,,,,,
2019_10_22_02,9993,,184,,94,09,275,,,00,,,,,,
2019_10_22_03,9993,,187,,96,10,266,,,00,,,,,,
2019_10_22_04,9993,,189,,97,11,263,,,00,,,,,,
2019_10_22_05,9994,,193,,95,16,270,,,00,,,,,,
2019_10_22_06,9996,,189,,97,04,268,,,00,,,,,,
2019_10_22_07,10001,,206,,93,00,0,,,00,,,,,,
2019_10_22_08,10006,,245,,74,10,36,,,00,,,,,,
2019_10_22_09,10010,,261,,66,08,68,,,00,,,,,,
2019_10_22_10,10005,,288,,52,12,352,,,X,,,,,,
2019_10_22_11,9998,,300,,45,08,252,,,00,,,,,,
2019_10_22_12,9990,,313,,45,11,280,,,00,,,,,,
2019_10_22_13,/,,/,,/,/,/,,,00,,,,,,
2019_10_22_14,9977,,307,,49,17,347,,,00,,,,,,
2019_10_22_15,9975,,296,,52,15,329,,,00,,,,,,
2019_10_22_16,9978,,276,,57,18,329,,,00,,,,,,
2019_10_22_17,9979,,258,,63,10,329,,,00,,,,,,
2019_10_22_18,9980,,242,,69,11,318,,,00,,,,,,
2019_10_22_19,9987,,229,,77,10,295,,,X,,,,,,
2019_10_22_20,9994,,224,,80,12,271,,,00,,,,,,
2019_10_22_21,9999,,216,,84,14,260,,,00,,,,,,
2019_10_22_22,9999,,210,,86,14,270,,,00,,,,,,
2019_10_22_23,9996,,207,,88,12,270,,,00,,,,,,
2019_10_22_24,9993,,200,,92,08,269,,,00,,,,,,
2019_10_23_01,9989,,196,,95,09,270,,,00,,,,,,
2019_10_23_02,9987,,197,,94,14,255,,,00,,,,,,
2019_10_23_03,9984,,198,,95,09,249,,,00,,,,,,
2019_10_23_04,9984,,200,,94,07,172,,,00,,,,,,
2019_10_23_05,9984,,201,,93,11,209,,,00,,,,,,
2019_10_23_06,9990,,199,,95,08,230,,,00,,,,,,
2019_10_23_07,9997,,219,,87,02,0,,,00,,,,,,
2019_10_23_08,10002,,249,,74,08,70,,,00,,,,,,
2019_10_23_09,10008,,265,,69,13,85,,,00,,,,,,
2019_10_23_10,10008,,292,,55,15,29,,,00,,,,,,
2019_10_23_11,10004,,303,,49,11,325,,,00,,,,,,
2019_10_23_12,9996,,306,,52,21,345,,,00,,,,,,
2019_10_23_13,9990,,313,,49,18,325,,,00,,,,,,
2019_10_23_14,9986,,314,,48,22,338,,,00,,,,,,
2019_10_23_15,9986,,299,,53,26,332,,,00,,,,,,
2019_10_23_16,9990,,277,,59,23,354,,,00,,,,,,
2019_10_23_17,9997,,255,,67,30,358,,,00,,,,,,
2019_10_23_18,10001,,237,,76,17,343,,,00,,,,,,
2019_10_23_19,10007,,230,,81,11,328,,,00,,,,,,
2019_10_23_20,10013,,224,,82,12,334,,,00,,,,,,
2019_10_23_21,10015,,218,,85,10,315,,,00,,,,,,
2019_10_23_22,10016,,213,,87,09,283,,,00,,,,,,
2019_10_23_23,10014,,209,,89,06,278,,,00,,,,,,
2019_10_23_24,10013,,205,,91,12,268,,,00,,,,,,
2019_10_24_01,10009,,200,,93,11,262,,,00,,,,,,
2019_10_24_02,10008,,200,,93,10,263,,,00,,,,,,
2019_10_24_03,10005,,197,,95,02,0,,,00,,,,,,
2019_10_24_04,10007,,198,,97,05,268,,,X,,,,,,
2019_10_24_05,10009,,203,,96,06,272,,,00,,,,,,
2019_10_24_06,10016,,203,,94,03,260,,,00,,,,,,
2019_10_24_07,10022,,209,,94,04,287,,,00,,,,,,
2019_10_24_08,10028,,229,,83,07,17,,,00,,,,,,
2019_10_24_09,10031,,256,,71,18,46,,,00,,,,,,
2019_10_24_10,10030,,283,,57,11,66,,,00,,,,,,
2019_10_24_11,10025,,307,,49,21,357,,,00,,,,,,
2019_10_24_12,10018,,306,,50,17,14,,,00,,,,,,
2019_10_24_13,10014,,313,,47,14,19,,,00,,,,,,
2019_10_24_14,10011,,312,,47,22,5,,,00,,,,,,
2019_10_24_15,10011,,294,,51,31,4,,,00,,,,,,
2019_10_24_16,10013,,282,,57,23,356,,,00,,,,,,
2019_10_24_17,10017,,261,,66,21,356,,,00,,,,,,
2019_10_24_18,10017,,242,,74,12,334,,,00,,,,,,
2019_10_24_19,10023,,233,,81,11,331,,,00,,,,,,
2019_10_24_20,10031,,225,,83,10,335,,,00,,,,,,
2019_10_24_21,10032,,221,,84,09,293,,,00,,,,,,
2019_10_24_22,10035,,215,,86,09,309,,,00,,,,,,
2019_10_24_23,10039,,210,,87,09,307,,,00,,,,,,
2019_10_24_24,10035,,207,,89,07,280,,,00,,,,,,
2019_10_25_01,10029,,201,,92,11,268,,,00,,,,,,
2019_10_25_02,10028,,199,,92,11,273,,,00,,,,,,
2019_10_25_03,10028,,198,,93,18,275,,,00,,,,,,
2019_10_25_04,10028,,195,,95,11,265,,,00,,,,,,
2019_10_25_05,10031,,199,,96,08,289,,,00,,,,,,
2019_10_25_06,10040,,202,,97,04,264,,,00,,,,,,
2019_10_25_07,10044,,211,,95,06,200,,,00,,,,,,
2019_10_25_08,10049,,244,,78,08,105,,,00,,,,,,
2019_10_25_09,10052,,256,,74,07,80,,,00,,,,,,
2019_10_25_10,10051,,285,,66,14,18,,,00,,,,,,
2019_10_25_11,10046,,292,,57,19,281,,,00,,,,,,
2019_10_25_12,10038,,303,,52,16,304,,,00,,,,,,
2019_10_25_13,10032,,307,,50,15,344,,,00,,,,,,
2019_10_25_14,10025,,315,,47,14,329,,,00,,,,,,
2019_10_25_15,10022,,310,,50,18,318,,,00,,,,,,
2019_10_25_16,10024,,284,,57,21,316,,,00,,,,,,
2019_10_25_17,10028,,256,,67,12,322,,,00,,,,,,
2019_10_25_18,10032,,239,,74,13,326,,,00,,,,,,
2019_10_25_19,10038,,233,,76,12,325,,,00,,,,,,
2019_10_25_20,10047,,228,,78,12,293,,,00,,,,,,
2019_10_25_21,10050,,220,,84,06,221,,,00,,,,,,
2019_10_25_22,10051,,223,,82,14,270,,,00,,,,,,
2019_10_25_23,10050,,219,,86,06,275,,,00,,,,,,
2019_10_25_24,10048,,213,,86,11,284,,,00,,,,,,
2019_10_26_01,10045,,207,,87,06,329,,,00,,,,,,
2019_10_26_02,10037,,200,,89,18,274,,,00,,,,,,
2019_10_26_03,10030,,195,,92,08,232,,,00,,,,,,
2019_10_26_04,10029,,198,,93,10,262,,,00,,,,,,
2019_10_26_05,10036,,195,,95,04,318,,,00,,,,,,
2019_10_26_06,10044,,192,,97,10,218,,,00,,,,,,
2019_10_26_07,10050,,202,,95,11,202,,,00,,,,,,
2019_10_26_08,10053,,224,,88,06,127,,,00,,,,,,
2019_10_26_09,10053,,258,,76,11,146,,,00,,,,,,
2019_10_26_10,10053,,282,,60,07,243,,,00,,,,,,
2019_10_26_11,10048,,278,,63,14,294,,,00,,,,,,
2019_10_26_12,10040,,299,,55,17,253,,,00,,,,,,
2019_10_26_13,10033,,307,,52,11,260,,,00,,,,,,
2019_10_26_14,10026,,309,,51,14,326,,,00,,,,,,
2019_10_26_15,10024,,290,,59,21,335,,,00,,,,,,
2019_10_26_16,10025,,270,,64,17,355,,,00,,,,,,
2019_10_26_17,10025,,256,,69,12,310,,,00,,,,,,
2019_10_26_18,10030,,236,,76,08,329,,,X,,,,,,
2019_10_26_19,10033,,228,,78,11,326,,,00,,,,,,
2019_10_26_20,10039,,222,,80,11,326,,,00,,,,,,
2019_10_26_21,10044,,219,,79,13,339,,,00,,,,,,
2019_10_26_22,10044,,214,,83,17,273,,,00,,,,,,
2019_10_26_23,10040,,204,,88,12,260,,,00,,,,,,
2019_10_26_24,10035,,201,,91,10,215,,,00,,,,,,
2019_10_27_01,10030,,197,,93,03,257,,,00,,,,,,
2019_10_27_02,10026,,196,,94,09,266,,,00,,,,,,
2019_10_27_03,10027,,194,,94,17,268,,,00,,,,,,
2019_10_27_04,10028,,193,,95,15,271,,,00,,,,,,
2019_10_27_05,10028,,193,,95,18,273,,,00,,,,,,
2019_10_27_06,10029,,193,,96,10,221,,,00,,,,,,
2019_10_27_07,10032,,211,,92,07,134,,,00,,,,,,
2019_10_27_08,10040,,242,,78,11,360,,,00,,,,,,
2019_10_27_09,10041,,263,,70,16,14,,,00,,,,,,
2019_10_27_10,10037,,280,,64,09,328,,,00,,,,,,
2019_10_27_11,10027,,296,,57,13,300,,,00,,,,,,
2019_10_27_12,10016,,295,,56,10,7,,,00,,,,,,
2019_10_27_13,10008,,291,,56,12,59,,,00,,,,,,
2019_10_27_14,10002,,299,,57,17,338,,,00,,,,,,
2019_10_27_15,10000,,282,,62,20,345,,,00,,,,,,
2019_10_27_16,10004,,262,,70,29,357,,,00,,,,,,
2019_10_27_17,10006,,246,,79,21,355,,,00,,,,,,
2019_10_27_18,10009,,233,,86,13,342,,,00,,,,,,
2019_10_27_19,10014,,228,,89,13,337,,,00,,,,,,
2019_10_27_20,10019,,221,,92,11,284,,,00,,,,,,
2019_10_27_21,10019,,216,,94,13,271,,,00,,,,,,
2019_10_27_22,10021,,210,,95,04,254,,,00,,,,,,
2019_10_27_23,10021,,208,,96,08,250,,,00,,,,,,
2019_10_27_24,10019,,206,,97,10,265,,,00,,,,,,
2019_10_28_01,10018,,202,,98,09,217,,,00,,,,,,
2019_10_28_02,10016,,204,,99,13,272,,,00,,,,,,
2019_10_28_03,10012,,200,,99,08,185,,,00,,,,,,
2019_10_28_04,10012,,201,,99,05,311,,,00,,,,,,
2019_10_28_05,10020,,208,,99,06,58,,,00,,,,,,
2019_10_28_06,10025,,207,,99,06,164,,,00,,,,,,
2019_10_28_07,10028,,213,,99,09,173,,,00,,,,,,
2019_10_28_08,10028,,240,,86,15,127,,,00,,,,,,
2019_10_28_09,10026,,262,,77,12,133,,,00,,,,,,
2019_10_28_10,10023,,287,,63,18,63,,,00,,,,,,
2019_10_28_11,10016,,299,,59,21,14,,,00,,,,,,
2019_10_28_12,10008,,306,,59,16,339,,,00,,,,,,
2019_10_28_13,10002,,298,,62,25,325,,,00,,,,,,
2019_10_28_14,10001,,290,,64,22,348,,,00,,,,,,
2019_10_28_15,10003,,280,,66,26,14,,,00,,,,,,
2019_10_28_16,10005,,261,,73,28,7,,,00,,,,,,
2019_10_28_17,10005,,248,,80,14,354,,,00,,,,,,
2019_10_28_18,10010,,233,,87,14,343,,,00,,,,,,
2019_10_28_19,10016,,226,,88,21,349,,,X,,,,,,
2019_10_28_20,10019,,226,,88,14,351,,,00,,,,,,
2019_10_28_21,10022,,223,,90,12,338,,,00,,,,,,
2019_10_28_22,10023,,215,,93,08,336,,,00,,,,,,
2019_10_28_23,10020,,211,,95,10,332,,,00,,,,,,
2019_10_28_24,10018,,210,,95,11,335,,,00,,,,,,
2019_10_29_01,10013,,208,,95,10,329,,,00,,,,,,
2019_10_29_02,10009,,203,,97,07,333,,,00,,,,,,
2019_10_29_03,10009,,205,,97,16,350,,,00,,,,,,
2019_10_29_04,/,,/,,/,/,/,,,00,,,,,,
2019_10_29_05,10010,,204,,96,14,350,,,00,,,,,,
2019_10_29_06,10016,,198,,97,07,197,,,00,,,,,,
2019_10_29_07,10022,,208,,97,06,309,,,00,,,,,,
2019_10_29_08,10028,,243,,79,12,21,,,00,,,,,,
2019_10_29_09,10030,,237,,82,24,352,,,00,,,,,,
2019_10_29_10,10025,,250,,76,29,4,,,00,,,,,,
2019_10_29_11,10021,,259,,72,27,358,,,00,,,,,,
2019_10_29_12,10017,,267,,69,25,357,,,00,,,,,,
2019_10_29_13,10011,,269,,67,31,357,,,00,,,,,,
2019_10_29_14,10010,,266,,66,27,358,,,00,,,,,,
2019_10_29_15,10013,,256,,69,27,7,,,00,,,,,,
2019_10_29_16,10014,,242,,74,26,351,,,00,,,,,,
2019_10_29_17,10016,,223,,80,20,352,,,X,,,,,,
2019_10_29_18,10019,,213,,85,23,347,,,00,,,,,,
2019_10_29_19,/,,/,,/,/,/,,,00,,,,,,
2019_10_29_20,10028,,214,,85,18,345,,,00,,,,,,
2019_10_29_21,10031,,214,,86,18,352,,,00,,,,,,
2019_10_29_22,10033,,213,,87,11,343,,,00,,,,,,
2019_10_29_23,10032,,210,,88,13,346,,,00,,,,,,
2019_10_29_24,10029,,209,,90,13,339,,,00,,,,,,
2019_10_30_01,10026,,211,,90,13,344,,,00,,,,,,
2019_10_30_02,10022,,210,,90,15,347,,,00,,,,,,
2019_10_30_03,10018,,212,,90,14,348,,,00,,,,,,
2019_10_30_04,10016,,212,,90,12,353,,,00,,,,,,
2019_10_30_05,10016,,213,,90,11,351,,,00,,,,,,
2019_10_30_06,10022,,212,,89,15,348,,,00,,,,,,
2019_10_30_07,10028,,226,,83,16,1,,,00,,,,,,
2019_10_30_08,10033,,247,,75,14,354,,,00,,,,,,
2019_10_30_09,10034,,266,,68,16,7,,,00,,,,,,
2019_10_30_10,10033,,281,,62,16,343,,,00,,,,,,
2019_10_30_11,10030,,295,,56,16,33,,,00,,,,,,
2019_10_30_12,10023,,305,,52,19,4,,,00,,,,,,
2019_10_30_13,10014,,309,,52,21,30,,,00,,,,,,
2019_10_30_14,10013,,309,,53,27,323,,,00,,,,,,
2019_10_30_15,10013,,302,,57,15,335,,,00,,,,,,
2019_10_30_16,10015,,280,,64,23,356,,,00,,,,,,
2019_10_30_17,10017,,258,,73,16,346,,,00,,,,,,
2019_10_30_18,10019,,242,,80,19,350,,,00,,,,,,
2019_10_30_19,10021,,235,,82,10,323,,,00,,,,,,
2019_10_30_20,10028,,229,,85,08,305,,,00,,,,,,
2019_10_30_21,10034,,221,,89,06,277,,,00,,,,,,
2019_10_30_22,10034,,217,,91,06,261,,,00,,,,,,
2019_10_30_23,10034,,212,,93,11,269,,,00,,,,,,
2019_10_30_24,10028,,213,,93,09,272,,,00,,,,,,
2019_10_31_01,10025,,209,,95,13,273,,,00,,,,,,
2019_10_31_02,10022,,208,,95,12,271,,,00,,,,,,
2019_10_31_03,10022,,208,,95,07,260,,,00,,,,,,
2019_10_31_04,10021,,207,,96,09,278,,,00,,,,,,
2019_10_31_05,10022,,207,,97,06,209,,,00,,,,,,
2019_10_31_06,10023,,205,,98,11,256,,,00,,,,,,
2019_10_31_07,10028,,213,,96,06,310,,,00,,,,,,
2019_10_31_08,10034,,235,,87,12,9,,,00,,,,,,
2019_10_31_09,10034,,248,,80,06,6,,,00,,,,,,
2019_10_31_10,10035,,285,,68,08,5,,,00,,,,,,
2019_10_31_11,10028,,281,,71,17,338,,,00,,,,,,
2019_10_31_12,10022,,303,,61,16,339,,,00,,,,,,
2019_10_31_13,10015,,301,,62,17,323,,,00,,,,,,
2019_10_31_14,10010,,307,,61,16,351,,,00,,,,,,
2019_10_31_15,10012,,296,,64,22,329,,,00,,,,,,
2019_10_31_16,10013,,280,,71,20,338,,,00,,,,,,
2019_10_31_17,10016,,262,,80,12,349,,,00,,,,,,
2019_10_31_18,10020,,246,,87,09,327,,,00,,,,,,
2019_10_31_19,10025,,238,,91,09,344,,,00,,,,,,
2019_10_31_20,10026,,233,,93,07,328,,,00,,,,,,
2019_10_31_21,10028,,230,,95,11,281,,,00,,,,,,
2019_10_31_22,10029,,226,,96,07,290,,,00,,,,,,
2019_10_31_23,10027,,221,,98,06,259,,,00,,,,,,
2019_10_31_24,10022,,222,,97,13,270,,,00,,,,,,
2019_11_01_01,10022,,221,,97,07,292,,,00,,,,,,
2019_11_01_02,10021,,227,,97,04,260,,,00,,,,,,
2019_11_01_03,10018,,225,,98,05,191,,,00,,,,,,
2019_11_01_04,10016,,225,,98,03,293,,,00,,,,,,
2019_11_01_05,10019,,222,,99,10,264,,,00,,,,,,
2019_11_01_06,10024,,220,,99,13,261,,,00,,,,,,
2019_11_01_07,10029,,225,,99,00,0,,,00,,,,,,
2019_11_01_08,10035,,248,,91,07,352,,,00,,,,,,
2019_11_01_09,10034,,261,,84,15,58,,,00,,,,,,
2019_11_01_10,10034,,279,,77,07,360,,,00,,,,,,
2019_11_01_11,10026,,298,,69,09,265,,,00,,,,,,
2019_11_01_12,10016,,308,,62,11,318,,,00,,,,,,
2019_11_01_13,10007,,300,,65,10,339,,,00,,,,,,
2019_11_01_14,10001,,310,,61,15,346,,,00,,,,,,
2019_11_01_15,10000,,308,,60,21,312,,,00,,,,,,
2019_11_01_16,9999,,295,,64,18,320,,,00,,,,,,
2019_11_01_17,10000,,270,,73,09,330,,,00,,,,,,
2019_11_01_18,10002,,248,,82,12,327,,,00,,,,,,
2019_11_01_19,10005,,242,,81,15,339,,,00,,,,,,
2019_11_01_20,10009,,234,,83,09,325,,,00,,,,,,
2019_11_01_21,10012,,227,,87,10,253,,,00,,,,,,
2019_11_01_22,10013,,223,,89,14,260,,,00,,,,,,
2019_11_01_23,10013,,217,,92,11,274,,,00,,,,,,
2019_11_01_24,10012,,213,,94,12,270,,,00,,,,,,
2019_11_02_01,10009,,211,,93,11,263,,,00,,,,,,
2019_11_02_02,10005,,209,,94,11,266,,,00,,,,,,
2019_11_02_03,10003,,208,,94,15,275,,,00,,,,,,
2019_11_02_04,10004,,207,,94,17,275,,,00,,,,,,
2019_11_02_05,10006,,206,,97,07,275,,,00,,,,,,
2019_11_02_06,10010,,207,,98,08,272,,,00,,,,,,
2019_11_02_07,10015,,215,,98,00,0,,,00,,,,,,
2019_11_02_08,10017,,233,,88,00,0,,,00,,,,,,
2019_11_02_09,10018,,258,,79,10,1,,,00,,,,,,
2019_11_02_10,10016,,272,,75,16,10,,,00,,,,,,
2019_11_02_11,10008,,288,,68,09,52,,,00,,,,,,
2019_11_02_12,10001,,302,,63,12,351,,,00,,,,,,
2019_11_02_13,9994,,309,,57,14,333,,,X,,,,,,
2019_11_02_14,9988,,309,,57,17,299,,,00,,,,,,
2019_11_02_15,9988,,309,,59,19,316,,,00,,,,,,
2019_11_02_16,9991,,285,,67,12,324,,,00,,,,,,
2019_11_02_17,9994,,261,,77,13,311,,,00,,,,,,
2019_11_02_18,9997,,243,,85,12,326,,,00,,,,,,
2019_11_02_19,10003,,235,,88,11,328,,,00,,,,,,
2019_11_02_20,10007,,230,,89,09,330,,,00,,,,,,
2019_11_02_21,10009,,225,,91,06,323,,,00,,,,,,
2019_11_02_22,10010,,223,,92,13,274,,,00,,,,,,
2019_11_02_23,10006,,215,,95,07,199,,,00,,,,,,
2019_11_02_24,10002,,215,,95,07,287,,,00,,,,,,
2019_11_03_01,9996,,215,,95,10,277,,,00,,,,,,
2019_11_03_02,9992,,216,,95,09,270,,,00,,,,,,
2019_11_03_03,9991,,213,,96,10,270,,,00,,,,,,
2019_11_03_04,9991,,213,,96,11,273,,,00,,,,,,
2019_11_03_05,9996,,217,,97,07,281,,,00,,,,,,
2019_11_03_06,10003,,217,,96,05,313,,,00,,,,,,
2019_11_03_07,10012,,219,,95,05,329,,,00,,,,,,
2019_11_03_08,10018,,238,,86,13,358,,,00,,,,,,
2019_11_03_09,10022,,246,,82,11,5,,,00,,,,,,
2019_11_03_10,10018,,260,,76,20,32,,,00,,,,,,
2019_11_03_11,10009,,284,,68,13,10,,,00,,,,,,
2019_11_03_12,/,,/,,/,/,/,,,00,,,,,,
2019_11_03_13,9994,,302,,59,25,360,,,X,,,,,,
2019_11_03_14,9991,,298,,60,22,360,,,00,,,,,,
2019_11_03_15,9992,,285,,64,27,4,,,00,,,,,,
2019_11_03_16,9993,,261,,73,33,356,,,00,,,,,,
2019_11_03_17,9995,,246,,79,29,351,,,00,,,,,,
2019_11_03_18,9999,,233,,85,35,356,,,00,,,,,,
2019_11_03_19,10002,,227,,87,25,358,,,00,,,,,,
2019_11_03_20,10003,,224,,87,21,353,,,00,,,,,,
2019_11_03_21,10002,,222,,86,20,351,,,00,,,,,,
2019_11_03_22,10003,,222,,85,18,358,,,00,,,,,,
2019_11_03_23,10004,,218,,85,19,350,,,00,,,,,,
2019_11_03_24,10000,,218,,85,17,356,,,00,,,,,,
2019_11_04_01,9998,,218,,84,21,354,,,00,,,,,,
2019_11_04_02,9994,,219,,84,17,4,,,00,,,,,,
2019_11_04_03,9990,,220,,83,18,358,,,00,,,,,,
2019_11_04_04,9988,,215,,83,19,350,,,00,,,,,,
2019_11_04_05,9990,,216,,82,19,357,,,00,,,,,,
2019_11_04_06,9996,,214,,82,21,355,,,00,,,,,,
2019_11_04_07,10000,,220,,77,26,360,,,00,,,,,,
2019_11_04_08,10007,,235,,69,26,12,,,00,,,,,,
2019_11_04_09,10011,,251,,61,26,8,,,00,,,,,,
2019_11_04_10,10011,,270,,55,31,6,,,00,,,,,,
2019_11_04_11,10005,,274,,55,31,11,,,00,,,,,,
2019_11_04_12,9997,,272,,57,26,4,,,00,,,,,,
2019_11_04_13,9988,,264,,61,32,355,,,00,,,,,,
2019_11_04_14,9983,,265,,60,31,3,,,00,,,,,,
2019_11_04_15,9983,,259,,61,31,359,,,00,,,,,,
2019_11_04_16,9986,,244,,64,29,356,,,00,,,,,,
2019_11_04_17,9991,,230,,69,23,356,,,00,,,,,,
2019_11_04_18,9994,,221,,71,20,354,,,00,,,,,,
2019_11_04_19,9997,,217,,71,21,350,,,00,,,,,,
2019_11_04_20,9996,,216,,73,29,359,,,00,,,,,,
2019_11_04_21,9994,,215,,76,25,2,,,00,,,,,,
2019_11_04_22,9996,,213,,77,22,357,,,00,,,,,,
2019_11_04_23,9994,,211,,77,20,357,,,00,,,,,,
2019_11_04_24,9993,,213,,77,20,356,,,00,,,,,,
2019_11_05_01,9990,,212,,78,17,360,,,00,,,,,,
2019_11_05_02,9982,,208,,81,16,6,,,00,,,,,,
2019_11_05_03,9977,,205,,83,12,1,,,00,,,,,,
2019_11_05_04,9974,,204,,84,14,352,,,00,,,,,,
2019_11_05_05,9978,,207,,82,21,360,,,00,,,,,,
2019_11_05_06,9981,,211,,81,24,1,,,00,,,,,,
2019_11_05_07,9984,,214,,77,24,3,,,00,,,,,,
2019_11_05_08,9988,,231,,69,29,3,,,00,,,,,,
2019_11_05_09,9990,,254,,60,26,9,,,00,,,,,,
2019_11_05_10,9988,,275,,54,22,20,,,00,,,,,,
2019_11_05_11,9983,,288,,52,23,355,,,00,,,,,,
2019_11_05_12,9976,,295,,50,22,356,,,00,,,,,,
2019_11_05_13,9967,,297,,51,25,353,,,00,,,,,,
2019_11_05_14,9962,,288,,52,29,6,,,00,,,,,,
2019_11_05_15,9962,,277,,55,31,360,,,00,,,,,,
2019_11_05_16,9964,,260,,59,24,354,,,00,,,,,,
2019_11_05_17,9966,,237,,64,18,347,,,00,,,,,,
2019_11_05_18,9971,,224,,67,14,340,,,00,,,,,,
2019_11_05_19,9978,,217,,70,22,342,,,00,,,,,,
2019_11_05_20,9984,,214,,71,15,350,,,00,,,,,,
2019_11_05_21,9984,,205,,75,09,333,,,00,,,,,,
2019_11_05_22,9983,,201,,79,10,302,,,00,,,,,,
2019_11_05_23,9983,,194,,83,08,304,,,00,,,,,,
2019_11_05_24,9981,,195,,83,10,293,,,00,,,,,,
2019_11_06_01,9978,,200,,81,03,282,,,00,,,,,,
2019_11_06_02,9972,,195,,85,00,0,,,00,,,,,,
2019_11_06_03,9968,,186,,89,11,274,,,00,,,,,,
2019_11_06_04,9968,,191,,86,08,306,,,00,,,,,,
2019_11_06_05,9972,,190,,87,09,283,,,00,,,,,,
2019_11_06_06,9980,,193,,83,08,342,,,00,,,,,,
2019_11_06_07,9984,,197,,82,04,308,,,00,,,,,,
2019_11_06_08,9986,,234,,69,08,22,,,00,,,,,,
2019_11_06_09,9987,,248,,66,10,60,,,00,,,,,,
2019_11_06_10,9982,,274,,58,11,39,,,00,,,,,,
2019_11_06_11,9975,,289,,55,15,330,,,00,,,,,,
2019_11_06_12,9968,,297,,49,18,269,,,00,,,,,,
2019_11_06_13,9960,,303,,48,19,349,,,00,,,,,,
2019_11_06_14,9956,,302,,50,23,325,,,00,,,,,,
2019_11_06_15,9959,,281,,55,22,335,,,00,,,,,,
2019_11_06_16,9961,,273,,60,13,327,,,X,,,,,,
2019_11_06_17,9962,,248,,71,11,277,,,00,,,,,,
2019_11_06_18,9968,,226,,78,12,309,,,00,,,,,,
2019_11_06_19,9973,,218,,82,11,314,,,00,,,,,,
2019_11_06_20,9980,,214,,84,10,309,,,00,,,,,,
2019_11_06_21,9984,,209,,85,09,323,,,00,,,,,,
2019_11_06_22,9983,,203,,87,12,324,,,00,,,,,,
2019_11_06_23,9980,,198,,89,10,294,,,00,,,,,,
2019_11_06_24,9978,,194,,90,11,337,,,00,,,,,,
2019_11_07_01,9975,,192,,89,11,320,,,00,,,,,,
2019_11_07_02,9969,,187,,91,09,275,,,00,,,,,,
2019_11_07_03,9971,,184,,93,11,311,,,00,,,,,,
2019_11_07_04,9972,,184,,92,10,330,,,00,,,,,,
2019_11_07_05,9977,,181,,93,12,287,,,00,,,,,,
2019_11_07_06,/,,/,,/,/,/,,,00,,,,,,
2019_11_07_07,9994,,188,,91,07,314,,,00,,,,,,
2019_11_07_08,9997,,222,,77,07,113,,,00,,,,,,
2019_11_07_09,10002,,241,,72,10,65,,,00,,,,,,
2019_11_07_10,9998,,265,,61,16,49,,,00,,,,,,
2019_11_07_11,9991,,279,,58,12,52,,,00,,,,,,
2019_11_07_12,9983,,288,,52,15,38,,,00,,,,,,
2019_11_07_13,9972,,299,,48,16,4,,,00,,,,,,
2019_11_07_14,9967,,302,,49,17,347,,,00,,,,,,
2019_11_07_15,9965,,298,,54,18,326,,,00,,,,,,
2019_11_07_16,9970,,271,,61,24,351,,,00,,,,,,
2019_11_07_17,9978,,247,,66,22,351,,,00,,,,,,
2019_11_07_18,9981,,233,,67,24,352,,,00,,,,,,
2019_11_07_19,9991,,221,,73,22,347,,,00,,,,,,
2019_11_07_20,9996,,216,,72,16,356,,,00,,,,,,
2019_11_07_21,10000,,210,,75,16,338,,,00,,,,,,
2019_11_07_22,10002,,209,,77,13,346,,,00,,,,,,
2019_11_07_23,10000,,204,,79,14,343,,,00,,,,,,
2019_11_07_24,9998,,200,,80,14,345,,,00,,,,,,
2019_11_08_01,9996,,199,,79,19,348,,,00,,,,,,
2019_11_08_02,9995,,197,,78,15,344,,,00,,,,,,
2019_11_08_03,9999,,198,,76,15,348,,,00,,,,,,
2019_11_08_04,9999,,195,,77,19,354,,,00,,,,,,
2019_11_08_05,10005,,196,,77,20,358,,,00,,,,,,
2019_11_08_06,10015,,193,,79,16,2,,,00,,,,,,
2019_11_08_07,10020,,195,,81,11,37,,,00,,,,,,
2019_11_08_08,10022,,228,,71,05,83,,,00,,,,,,
2019_11_08_09,10029,,248,,59,26,11,,,00,,,,,,
2019_11_08_10,10029,,269,,52,27,5,,,00,,,,,,
2019_11_08_11,10024,,283,,46,21,13,,,00,,,,,,
2019_11_08_12,10017,,287,,45,27,3,,,00,,,,,,
2019_11_08_13,10010,,290,,43,33,2,,,00,,,,,,
2019_11_08_14,10004,,283,,44,34,359,,,00,,,,,,
2019_11_08_15,9999,,272,,45,28,360,,,00,,,,,,
2019_11_08_16,10003,,258,,47,33,1,,,00,,,,,,
2019_11_08_17,10009,,236,,54,25,356,,,00,,,,,,
2019_11_08_18,10012,,216,,68,22,345,,,00,,,,,,
2019_11_08_19,10018,,208,,71,16,347,,,00,,,,,,
2019_11_08_20,/,,/,,/,/,/,,,00,,,,,,
2019_11_08_21,10025,,196,,75,14,344,,,00,,,,,,
2019_11_08_22,10029,,193,,79,18,348,,,00,,,,,,
2019_11_08_23,10031,,190,,81,16,351,,,00,,,,,,
2019_11_08_24,10031,,184,,85,11,352,,,00,,,,,,
2019_11_09_01,10031,,175,,89,10,358,,,00,,,,,,
2019_11_09_02,10032,,187,,84,09,32,,,00,,,,,,
2019_11_09_03,10030,,191,,79,19,358,,,00,,,,,,
2019_11_09_04,10030,,191,,79,23,3,,,00,,,,,,
2019_11_09_05,10035,,186,,81,11,354,,,00,,,,,,
2019_11_09_06,10040,,170,,89,06,345,,,00,,,,,,
2019_11_09_07,10043,,179,,85,13,341,,,00,,,,,,
2019_11_09_08,10048,,209,,69,23,2,,,00,,,,,,
2019_11_09_09,10053,,234,,57,24,8,,,00,,,,,,
2019_11_09_10,10050,,253,,50,20,3,,,00,,,,,,
2019_11_09_11,10041,,271,,46,22,16,,,X,,,,,,
2019_11_09_12,10032,,275,,46,29,360,,,00,,,,,,
2019_11_09_13,10021,,286,,43,25,351,,,00,,,,,,
2019_11_09_14,10011,,276,,44,24,2,,,00,,,,,,
2019_11_09_15,10009,,268,,46,31,6,,,00,,,,,,
2019_11_09_16,10008,,248,,52,29,354,,,00,,,,,,
2019_11_09_17,10013,,225,,58,25,350,,,00,,,,,,
2019_11_09_18,10016,,209,,63,25,352,,,00,,,,,,
2019_11_09_19,10023,,196,,66,21,349,,,00,,,,,,
2019_11_09_20,10029,,187,,69,18,342,,,00,,,,,,
2019_11_09_21,10031,,178,,74,12,324,,,00,,,,,,
2019_11_09_22,10027,,171,,80,09,290,,,00,,,,,,
2019_11_09_23,10028,,169,,82,15,270,,,00,,,,,,
2019_11_09_24,10026,,164,,86,12,266,,,00,,,,,,
2019_11_10_01,10025,,159,,89,15,271,,,00,,,,,,
2019_11_10_02,10025,,155,,91,08,265,,,00,,,,,,
2019_11_10_03,10022,,158,,91,14,267,,,00,,,,,,
2019_11_10_04,10023,,158,,93,14,274,,,00,,,,,,
2019_11_10_05,10027,,156,,95,07,255,,,00,,,,,,
2019_11_10_06,10032,,165,,93,09,229,,,00,,,,,,
2019_11_10_07,10035,,170,,92,07,194,,,00,,,,,,
2019_11_10_08,10037,,205,,78,11,145,,,00,,,,,,
2019_11_10_09,10038,,235,,63,07,94,,,00,,,,,,
2019_11_10_10,10037,,259,,57,20,41,,,00,,,,,,
2019_11_10_11,10029,,267,,54,11,355,,,00,,,,,,
2019_11_10_12,10018,,284,,49,11,302,,,00,,,,,,
2019_11_10_13,10007,,286,,45,11,317,,,00,,,,,,
2019_11_10_14,9999,,291,,43,14,338,,,00,,,,,,
2019_11_10_15,9992,,280,,48,08,306,,,00,,,,,,
2019_11_10_16,9993,,255,,57,19,333,,,00,,,,,,
2019_11_10_17,10000,,222,,69,25,359,,,00,,,,,,
2019_11_10_18,10001,,212,,72,23,352,,,00,,,,,,
2019_11_10_19,10005,,201,,75,18,349,,,00,,,,,,
2019_11_10_20,10012,,193,,80,13,317,,,00,,,,,,
2019_11_10_21,10016,,192,,82,16,273,,,00,,,,,,
2019_11_10_22,10016,,185,,86,15,210,,,00,,,,,,
2019_11_10_23,10015,,180,,89,06,185,,,00,,,,,,
2019_11_10_24,10009,,179,,90,01,0,,,00,,,,,,
2019_11_11_01,10009,,171,,94,07,243,,,00,,,,,,
2019_11_11_02,10009,,177,,94,11,273,,,00,,,,,,
2019_11_11_03,10009,,183,,92,06,258,,,00,,,,,,
2019_11_11_04,10009,,188,,91,10,274,,,00,,,,,,
2019_11_11_05,10009,,182,,94,08,249,,,00,,,,,,
2019_11_11_06,10015,,174,,96,12,269,,,00,,,,,,
2019_11_11_07,10019,,176,,96,03,218,,,00,,,,,,
2019_11_11_08,10025,,205,,83,09,171,,,00,,,,,,
2019_11_11_09,10028,,234,,68,08,115,,,00,,,,,,
2019_11_11_10,10028,,258,,58,09,305,,,00,,,,,,
2019_11_11_11,10024,,268,,51,11,272,,,00,,,,,,
2019_11_11_12,10018,,277,,45,15,274,,,00,,,,,,
2019_11_11_13,10009,,286,,43,14,224,,,00,,,,,,
2019_11_11_14,10004,,291,,42,14,296,,,00,,,,,,
2019_11_11_15,10004,,278,,48,22,319,,,00,,,,,,
2019_11_11_16,10008,,255,,54,15,326,,,00,,,,,,
2019_11_11_17,10013,,231,,63,14,311,,,00,,,,,,
2019_11_11_18,10018,,208,,76,11,283,,,00,,,,,,
2019_11_11_19,10022,,204,,77,15,271,,,00,,,,,,
2019_11_11_20,10027,,191,,83,09,240,,,00,,,,,,
2019_11_11_21,10030,,189,,84,16,272,,,00,,,,,,
2019_11_11_22,10034,,183,,88,10,272,,,00,,,,,,
2019_11_11_23,10035,,180,,89,08,231,,,00,,,,,,
2019_11_11_24,10035,,177,,91,10,251,,,00,,,,,,
2019_11_12_01,10032,,174,,93,09,210,,,00,,,,,,
2019_11_12_02,10025,,171,,94,11,205,,,00,,,,,,
2019_11_12_03,10023,,171,,94,10,221,,,00,,,,,,
2019_11_12_04,10023,,164,,97,10,253,,,00,,,,,,
2019_11_12_05,10028,,167,,95,08,239,,,00,,,,,,
2019_11_12_06,10033,,167,,94,13,208,,,00,,,,,,
2019_11_12_07,10041,,173,,92,13,209,,,00,,,,,,
2019_11_12_08,10048,,209,,76,08,167,,,00,,,,,,
2019_11_12_09,10051,,238,,61,13,128,,,00,,,,,,
2019_11_12_10,10050,,263,,53,10,101,,,00,,,,,,
2019_11_12_11,10045,,286,,42,19,249,,,00,,,,,,
2019_11_12_12,10039,,290,,41,12,267,,,00,,,,,,
2019_11_12_13,10028,,296,,40,10,347,,,00,,,,,,
2019_11_12_14,10021,,287,,49,19,318,,,00,,,,,,
2019_11_12_15,10019,,280,,50,17,331,,,00,,,,,,
2019_11_12_16,10021,,258,,54,09,331,,,00,,,,,,
2019_11_12_17,10022,,237,,59,17,306,,,00,,,,,,
2019_11_12_18,10025,,214,,67,12,302,,,00,,,,,,
2019_11_12_19,10030,,207,,72,12,281,,,00,,,,,,
2019_11_12_20,10035,,203,,74,20,266,,,00,,,,,,
2019_11_12_21,10040,,188,,84,04,213,,,00,,,,,,
2019_11_12_22,10042,,185,,85,07,188,,,00,,,,,,
2019_11_12_23,10044,,187,,85,12,209,,,00,,,,,,
2019_11_12_24,10041,,188,,86,15,218,,,00,,,,,,
2019_11_13_01,10041,,184,,89,10,214,,,00,,,,,,
2019_11_13_02,10040,,178,,91,07,249,,,00,,,,,,
2019_11_13_03,10039,,174,,93,09,203,,,00,,,,,,
2019_11_13_04,10040,,177,,91,06,198,,,00,,,,,,
2019_11_13_05,10043,,175,,91,10,237,,,00,,,,,,
2019_11_13_06,10047,,167,,96,10,266,,,00,,,,,,
2019_11_13_07,10053,,172,,95,06,250,,,00,,,,,,
2019_11_13_08,10061,,215,,73,01,0,,,00,,,,,,
2019_11_13_09,10068,,232,,65,10,143,,,00,,,,,,
2019_11_13_10,10066,,259,,56,11,14,,,00,,,,,,
2019_11_13_11,10061,,273,,53,10,75,,,00,,,,,,
2019_11_13_12,10053,,283,,49,11,208,,,00,,,,,,
2019_11_13_13,10041,,285,,50,15,27,,,00,,,,,,
2019_11_13_14,10031,,290,,49,14,342,,,00,,,,,,
2019_11_13_15,10028,,272,,55,23,343,,,00,,,,,,
2019_11_13_16,10031,,254,,60,11,330,,,00,,,,,,
2019_11_13_17,10034,,233,,68,12,329,,,00,,,,,,
2019_11_13_18,10037,,222,,74,12,341,,,00,,,,,,
2019_11_13_19,10044,,216,,78,10,308,,,00,,,,,,
2019_11_13_20,10047,,209,,82,12,339,,,00,,,,,,
2019_11_13_21,10046,,206,,84,08,324,,,00,,,,,,
2019_11_13_22,/,,/,,/,/,/,,,00,,,,,,
2019_11_13_23,10047,,196,,85,11,308,,,00,,,,,,
2019_11_13_24,10043,,193,,81,12,333,,,00,,,,,,
2019_11_14_01,10039,,191,,81,08,291,,,00,,,,,,
2019_11_14_02,10034,,174,,89,00,0,,,00,,,,,,
2019_11_14_03,10031,,171,,92,15,266,,,00,,,,,,
2019_11_14_04,10032,,174,,94,09,324,,,00,,,,,,
2019_11_14_05,10036,,172,,93,05,357,,,00,,,,,,
2019_11_14_06,10042,,167,,95,00,0,,,00,,,,,,
2019_11_14_07,10046,,179,,93,02,0,,,00,,,,,,
2019_11_14_08,10050,,199,,85,09,23,,,00,,,,,,
2019_11_14_09,10052,,230,,69,20,14,,,00,,,,,,
2019_11_14_10,10053,,247,,57,25,4,,,00,,,,,,
2019_11_14_11,10047,,265,,54,22,19,,,00,,,,,,
2019_11_14_12,10036,,269,,51,31,6,,,00,,,,,,
2019_11_14_13,10024,,268,,50,27,2,,,00,,,,,,
2019_11_14_14,10017,,262,,51,29,356,,,00,,,,,,
2019_11_14_15,10019,,251,,54,33,358,,,00,,,,,,
2019_11_14_16,10020,,230,,60,25,350,,,00,,,,,,
2019_11_14_17,10022,,216,,64,17,351,,,00,,,,,,
2019_11_14_18,10023,,207,,65,29,354,,,00,,,,,,
2019_11_14_19,10030,,199,,67,17,352,,,00,,,,,,
2019_11_14_20,10031,,187,,73,12,328,,,00,,,,,,
2019_11_14_21,10030,,183,,76,10,315,,,00,,,,,,
2019_11_14_22,10033,,170,,85,07,267,,,00,,,,,,
2019_11_14_23,10032,,173,,84,11,266,,,00,,,,,,
2019_11_14_24,10033,,181,,80,10,309,,,00,,,,,,
2019_11_15_01,10030,,173,,86,07,198,,,00,,,,,,
2019_11_15_02,10026,,163,,90,03,251,,,00,,,,,,
2019_11_15_03,10021,,165,,89,09,289,,,00,,,,,,
2019_11_15_04,10018,,166,,89,07,283,,,00,,,,,,
2019_11_15_05,10018,,164,,91,15,270,,,00,,,,,,
2019_11_15_06,10026,,169,,91,06,260,,,00,,,,,,
2019_11_15_07,10029,,171,,92,00,0,,,00,,,,,,
2019_11_15_08,10034,,200,,81,07,78,,,00,,,,,,
2019_11_15_09,10039,,227,,69,09,35,,,00,,,,,,
2019_11_15_10,10038,,253,,62,08,33,,,00,,,,,,
2019_11_15_11,10030,,272,,55,14,354,,,00,,,,,,
2019_11_15_12,10022,,283,,52,14,277,,,00,,,,,,
2019_11_15_13,10013,,291,,47,08,216,,,00,,,,,,
2019_11_15_14,10010,,285,,50,20,351,,,00,,,,,,
2019_11_15_15,10008,,275,,52,23,330,,,00,,,,,,
2019_11_15_16,10012,,245,,61,16,323,,,00,,,,,,
2019_11_15_17,10016,,233,,67,12,289,,,00,,,,,,
2019_11_15_18,10018,,213,,77,11,277,,,00,,,,,,
2019_11_15_19,10023,,213,,76,12,268,,,00,,,,,,
2019_11_15_20,10027,,202,,80,11,274,,,00,,,,,,
2019_11_15_21,10030,,193,,84,12,269,,,00,,,,,,
2019_11_15_22,10029,,190,,85,13,274,,,00,,,,,,
2019_11_15_23,10027,,184,,89,07,266,,,00,,,,,,
2019_11_15_24,10024,,183,,92,02,0,,,00,,,,,,
2019_11_16_01,10023,,186,,93,00,0,,,00,,,,,,
2019_11_16_02,10016,,185,,93,09,225,,,00,,,,,,
2019_11_16_03,10014,,178,,95,07,253,,,00,,,,,,
2019_11_16_04,10016,,175,,97,09,280,,,00,,,,,,
2019_11_16_05,10019,,171,,98,02,0,,,00,,,,,,
2019_11_16_06,10025,,170,,99,07,240,,,00,,,,,,
2019_11_16_07,10028,,177,,97,11,201,,,00,,,,,,
2019_11_16_08,10034,,210,,80,07,168,,,00,,,,,,
2019_11_16_09,10037,,237,,67,17,145,,,00,,,,,,
2019_11_16_10,10036,,260,,58,09,231,,,00,,,,,,
2019_11_16_11,10031,,266,,56,16,237,,,00,,,,,,
2019_11_16_12,10026,,282,,52,20,253,,,00,,,,,,
2019_11_16_13,10018,,282,,52,24,269,,,00,,,,,,
2019_11_16_14,10011,,277,,54,21,256,,,00,,,,,,
2019_11_16_15,10007,,274,,54,20,260,,,00,,,,,,
2019_11_16_16,10009,,255,,64,12,311,,,00,,,,,,
2019_11_16_17,10012,,227,,76,05,281,,,00,,,,,,
2019_11_16_18,10015,,204,,87,06,286,,,00,,,,,,
2019_11_16_19,10019,,201,,87,15,270,,,00,,,,,,
2019_11_16_20,10023,,195,,90,14,276,,,00,,,,,,
2019_11_16_21,10026,,203,,88,06,221,,,00,,,,,,
2019_11_16_22,10028,,201,,90,03,219,,,00,,,,,,
2019_11_16_23,10026,,193,,93,08,242,,,00,,,,,,
2019_11_16_24,10024,,196,,93,12,252,,,00,,,,,,
2019_11_17_01,10024,,189,,96,09,270,,,00,,,,,,
2019_11_17_02,10025,,180,,98,00,0,,,00,,,,,,
2019_11_17_03,10021,,181,,99,09,215,,,00,,,,,,
2019_11_17_04,10019,,181,,97,12,210,,,00,,,,,,
2019_11_17_05,10021,,175,,97,07,266,,,00,,,,,,
2019_11_17_06,10027,,171,,99,08,258,,,00,,,,,,
2019_11_17_07,10030,,174,,99,09,254,,,00,,,,,,
2019_11_17_08,10034,,210,,80,10,151,,,00,,,,,,
2019_11_17_09,10034,,241,,65,12,111,,,00,,,,,,
2019_11_17_10,10030,,265,,57,07,32,,,00,,,,,,
2019_11_17_11,10022,,283,,47,12,43,,,00,,,,,,
2019_11_17_12,10011,,300,,46,17,351,,,00,,,,,,
2019_11_17_13,10004,,306,,53,11,313,,,00,,,,,,
2019_11_17_14,9999,,309,,46,17,326,,,00,,,,,,
2019_11_17_15,9999,,304,,47,13,323,,,00,,,,,,
2019_11_17_16,10000,,283,,54,13,316,,,00,,,,,,
2019_11_17_17,10005,,254,,71,15,294,,,00,,,,,,
2019_11_17_18,10013,,235,,79,12,294,,,00,,,,,,
2019_11_17_19,10021,,215,,87,10,241,,,00,,,,,,
2019_11_17_20,10025,,213,,88,13,269,,,00,,,,,,
2019_11_17_21,/,,/,,/,/,/,,,00,,,,,,
2019_11_17_22,10027,,199,,96,09,222,,,00,,,,,,
2019_11_17_23,10027,,193,,97,11,271,,,00,,,,,,
2019_11_17_24,10021,,189,,97,05,242,,,X,,,,,,
2019_11_18_01,/,,/,,/,/,/,,,00,,,,,,
2019_11_18_02,10008,,180,,97,06,270,,,00,,,,,,
2019_11_18_03,10005,,180,,97,15,272,,,00,,,,,,
2019_11_18_04,10003,,174,,97,15,275,,,X,,,,,,
2019_11_18_05,10004,,177,,97,15,270,,,00,,,,,,
2019_11_18_06,10009,,175,,97,15,273,,,00,,,,,,
2019_11_18_07,10016,,182,,98,03,280,,,00,,,,,,
2019_11_18_08,10022,,218,,82,03,75,,,00,,,,,,
2019_11_18_09,10025,,238,,74,11,39,,,00,,,,,,
2019_11_18_10,10020,,267,,70,22,11,,,00,,,,,,
2019_11_18_11,10013,,278,,63,19,15,,,00,,,,,,
2019_11_18_12,10003,,289,,52,13,73,,,00,,,,,,
2019_11_18_13,9994,,298,,46,11,84,,,00,,,,,,
2019_11_18_14,9992,,288,,58,32,354,,,00,,,,,,
2019_11_18_15,9993,,268,,64,31,359,,,00,,,,,,
2019_11_18_16,9997,,247,,70,29,352,,,00,,,,,,
2019_11_18_17,10003,,227,,74,35,356,,,00,,,,,,
2019_11_18_18,10008,,215,,80,25,349,,,00,,,,,,
2019_11_18_19,/,,/,,/,/,/,,,00,,,,,,
2019_11_18_20,10016,,213,,80,24,356,,,00,,,,,,
2019_11_18_21,10016,,209,,80,29,352,,,00,,,,,,
2019_11_18_22,10016,,206,,78,28,353,,,00,,,,,,
2019_11_18_23,10011,,204,,77,24,359,,,00,,,,,,
2019_11_18_24,10006,,200,,77,35,2,,,00,,,,,,
2019_11_19_01,10007,,196,,78,29,356,,,00,,,,,,
2019_11_19_02,10005,,196,,77,31,2,,,00,,,,,,
2019_11_19_03,10001,,190,,79,30,7,,,00,,,,,,
2019_11_19_04,10001,,189,,78,28,2,,,00,,,,,,
2019_11_19_05,10004,,192,,77,33,2,,,00,,,,,,
2019_11_19_06,10006,,192,,78,26,4,,,00,,,,,,
2019_11_19_07,/,,/,,/,/,/,,,00,,,,,,
2019_11_19_08,10019,,198,,72,32,5,,,00,,,,,,
2019_11_19_09,10025,,209,,68,30,4,,,00,,,,,,
2019_11_19_10,10026,,214,,65,35,4,,,00,,,,,,
2019_11_19_11,10021,,216,,64,30,2,,,00,,,,,,
2019_11_19_12,10015,,228,,58,27,8,,,00,,,,,,
2019_11_19_13,10010,,225,,58,35,1,,,00,,,,,,
2019_11_19_14,10006,,214,,61,31,2,,,00,,,,,,
2019_11_19_15,10005,,211,,63,25,354,,,00,,,,,,
2019_11_19_16,10006,,210,,63,23,351,,,00,,,,,,
2019_11_19_17,10009,,199,,67,22,349,,,00,,,,,,
2019_11_19_18,10015,,187,,71,20,351,,,00,,,,,,
2019_11_19_19,10019,,187,,73,19,349,,,00,,,,,,
2019_11_19_20,10022,,181,,75,18,354,,,00,,,,,,
2019_11_19_21,10027,,180,,76,15,351,,,00,,,,,,
2019_11_19_22,10032,,186,,73,16,355,,,00,,,,,,
2019_11_19_23,10030,,186,,72,09,4,,,00,,,,,,
2019_11_19_24,10027,,187,,72,09,345,,,00,,,,,,
2019_11_20_01,10030,,185,,74,11,343,,,00,,,,,,
2019_11_20_02,10025,,186,,75,12,349,,,00,,,,,,
2019_11_20_03,10021,,186,,76,10,341,,,00,,,,,,
2019_11_20_04,10022,,185,,77,17,351,,,00,,,,,,
2019_11_20_05,10026,,185,,77,12,347,,,00,,,,,,
2019_11_20_06,10035,,185,,77,15,350,,,00,,,,,,
2019_11_20_07,10038,,188,,76,16,354,,,00,,,,,,
2019_11_20_08,10044,,204,,71,16,5,,,00,,,,,,
2019_11_20_09,10047,,228,,62,15,355,,,00,,,,,,
2019_11_20_10,10047,,238,,59,20,341,,,00,,,,,,
2019_11_20_11,10040,,252,,56,17,341,,,00,,,,,,
2019_11_20_12,10032,,251,,57,10,308,,,00,,,,,,
2019_11_20_13,10022,,255,,57,09,325,,,00,,,,,,
2019_11_20_14,10018,,256,,59,09,357,,,00,,,,,,
2019_11_20_15,10016,,251,,56,25,360,,,00,,,,,,
2019_11_20_16,10015,,231,,61,23,352,,,00,,,,,,
2019_11_20_17,10018,,215,,65,19,350,,,00,,,,,,
2019_11_20_18,10021,,205,,69,24,355,,,00,,,,,,
2019_11_20_19,10028,,194,,74,19,353,,,00,,,,,,
2019_11_20_20,10028,,193,,75,23,357,,,00,,,,,,
2019_11_20_21,10030,,188,,79,15,348,,,00,,,,,,
2019_11_20_22,10030,,189,,80,15,352,,,00,,,,,,
2019_11_20_23,10031,,179,,85,10,297,,,00,,,,,,
2019_11_20_24,10030,,174,,88,08,281,,,00,,,,,,
2019_11_21_01,10025,,169,,91,07,287,,,00,,,,,,
2019_11_21_02,10022,,166,,92,09,282,,,00,,,,,,
2019_11_21_03,10018,,164,,93,13,272,,,00,,,,,,
2019_11_21_04,10019,,167,,93,14,275,,,00,,,,,,
2019_11_21_05,10022,,160,,96,08,234,,,00,,,,,,
2019_11_21_06,10026,,163,,96,06,264,,,00,,,,,,
2019_11_21_07,10034,,174,,95,00,0,,,00,,,,,,
2019_11_21_08,10037,,201,,81,03,1,,,00,,,,,,
2019_11_21_09,10039,,224,,72,09,26,,,00,,,,,,
2019_11_21_10,10038,,244,,66,08,43,,,00,,,,,,
2019_11_21_11,10030,,271,,57,09,31,,,00,,,,,,
2019_11_21_12,10023,,274,,56,13,336,,,00,,,,,,
2019_11_21_13,10013,,280,,57,20,350,,,00,,,,,,
2019_11_21_14,10005,,283,,57,26,340,,,00,,,,,,
2019_11_21_15,10004,,269,,62,28,1,,,00,,,,,,
2019_11_21_16,10009,,240,,71,21,358,,,00,,,,,,
2019_11_21_17,10011,,217,,82,29,357,,,00,,,,,,
2019_11_21_18,10014,,209,,86,23,353,,,00,,,,,,
2019_11_21_19,10020,,206,,87,26,357,,,00,,,,,,
2019_11_21_20,10024,,204,,88,22,355,,,00,,,,,,
2019_11_21_21,10027,,204,,89,26,2,,,00,,,,,,
2019_11_21_22,10026,,205,,89,25,3,,,00,,,,,,
2019_11_21_23,10023,,203,,91,14,355,,,00,,,,,,
2019_11_21_24,10018,,207,,89,24,359,,,00,,,,,,
2019_11_22_01,10015,,208,,88,25,2,,,00,,,,,,
2019_11_22_02,10011,,208,,89,27,360,,,00,,,,,,
2019_11_22_03,10007,,205,,90,29,358,,,00,,,,,,
2019_11_22_04,10008,,204,,91,21,360,,,00,,,,,,
2019_11_22_05,10008,,202,,92,20,358,,,00,,,,,,
2019_11_22_06,10011,,196,,95,15,351,,,00,,,,,,
2019_11_22_07,10017,,198,,96,14,355,,,00,,,,,,
2019_11_22_08,10020,,231,,81,09,41,,,00,,,,,,
2019_11_22_09,10022,,247,,73,15,62,,,00,,,,,,
2019_11_22_10,10022,,267,,66,10,45,,,00,,,,,,
2019_11_22_11,10018,,283,,59,09,358,,,00,,,,,,
2019_11_22_12,10008,,294,,58,12,339,,,00,,,,,,
2019_11_22_13,10000,,300,,56,17,308,,,00,,,,,,
2019_11_22_14,9996,,295,,59,12,353,,,00,,,,,,
2019_11_22_15,9997,,295,,60,23,355,,,00,,,,,,
2019_11_22_16,9997,,274,,67,28,360,,,00,,,,,,
2019_11_22_17,10003,,248,,77,21,352,,,00,,,,,,
2019_11_22_18,10008,,235,,83,18,346,,,00,,,,,,
2019_11_22_19,10014,,227,,87,12,331,,,00,,,,,,
2019_11_22_20,10016,,220,,91,11,332,,,00,,,,,,
2019_11_22_21,10019,,216,,93,10,299,,,00,,,,,,
2019_11_22_22,10021,,209,,95,07,281,,,00,,,,,,
2019_11_22_23,10021,,204,,97,08,289,,,00,,,,,,
2019_11_22_24,10018,,202,,97,09,265,,,00,,,,,,
2019_11_23_01,10016,,201,,98,11,270,,,00,,,,,,
2019_11_23_02,10013,,197,,98,09,264,,,00,,,,,,
2019_11_23_03,10012,,195,,99,10,267,,,00,,,,,,
2019_11_23_04,10014,,190,,99,09,265,,,00,,,,,,
2019_11_23_05,10018,,189,,99,11,261,,,00,,,,,,
2019_11_23_06,10024,,186,,99,05,259,,,00,,,,,,
2019_11_23_07,10032,,192,,99,03,219,,,00,,,,,,
2019_11_23_08,10045,,205,,97,03,105,,,00,,,,,,
2019_11_23_09,10050,,226,,89,13,152,,,00,,,,,,
2019_11_23_10,10050,,265,,73,14,106,,,00,,,,,,
2019_11_23_11,10044,,282,,63,15,96,,,00,,,,,,
2019_11_23_12,10032,,289,,57,09,64,,,00,,,,,,
2019_11_23_13,10020,,291,,62,16,298,,,00,,,,,,
2019_11_23_14,10015,,267,,74,16,329,,,00,,,,,,
2019_11_23_15,10014,,270,,71,22,324,,,00,,,,,,
2019_11_23_16,10018,,250,,81,14,355,,,00,,,,,,
2019_11_23_17,10025,,239,,86,14,1,,,00,,,,,,
2019_11_23_18,10029,,224,,92,12,339,,,00,,,,,,
2019_11_23_19,10037,,219,,94,10,320,,,00,,,,,,
2019_11_23_20,10040,,215,,96,08,283,,,00,,,,,,
2019_11_23_21,10037,,213,,96,11,269,,,00,,,,,,
2019_11_23_22,10037,,210,,97,10,279,,,00,,,,,,
2019_11_23_23,10037,,205,,98,05,277,,,00,,,,,,
2019_11_23_24,10035,,202,,99,08,267,,,00,,,,,,
2019_11_24_01,10032,,206,,99,14,273,,,00,,,,,,
2019_11_24_02,10027,,205,,99,14,273,,,00,,,,,,
2019_11_24_03,10022,,204,,99,12,271,,,00,,,,,,
2019_11_24_04,10022,,197,,99,07,279,,,00,,,,,,
2019_11_24_05,10028,,195,,99,08,289,,,00,,,,,,
2019_11_24_06,/,,/,,/,/,/,,,00,,,,,,
2019_11_24_07,10043,,200,,99,07,304,,,00,,,,,,
2019_11_24_08,10047,,227,,90,04,94,,,00,,,,,,
2019_11_24_09,10053,,248,,81,10,360,,,00,,,,,,
2019_11_24_10,10051,,265,,72,20,8,,,00,,,,,,
2019_11_24_11,10044,,285,,60,10,41,,,00,,,,,,
2019_11_24_12,10037,,306,,50,11,310,,,00,,,,,,
2019_11_24_13,10028,,309,,48,13,353,,,00,,,,,,
2019_11_24_14,10021,,308,,55,18,338,,,00,,,,,,
2019_11_24_15,10021,,293,,60,24,313,,,00,,,,,,
2019_11_24_16,10022,,278,,65,10,318,,,00,,,,,,
2019_11_24_17,10027,,252,,78,11,274,,,00,,,,,,
2019_11_24_18,10035,,234,,85,12,309,,,00,,,,,,
2019_11_24_19,10041,,229,,87,09,303,,,00,,,,,,
2019_11_24_20,10043,,222,,89,12,271,,,00,,,,,,
2019_11_24_21,10049,,215,,92,07,294,,,00,,,,,,
2019_11_24_22,10053,,212,,92,08,292,,,00,,,,,,
2019_11_24_23,10052,,208,,93,12,275,,,00,,,,,,
2019_11_24_24,10049,,205,,94,13,276,,,00,,,,,,
2019_11_25_01,10047,,201,,94,13,282,,,00,,,,,,
2019_11_25_02,10044,,198,,95,10,287,,,00,,,,,,
2019_11_25_03,10042,,196,,96,08,300,,,00,,,,,,
2019_11_25_04,10040,,195,,95,10,283,,,00,,,,,,
2019_11_25_05,10046,,193,,95,10,324,,,00,,,,,,
2019_11_25_06,10054,,194,,95,10,321,,,00,,,,,,
2019_11_25_07,10062,,197,,95,08,317,,,00,,,,,,
2019_11_25_08,10069,,215,,90,08,1,,,00,,,,,,
2019_11_25_09,10073,,228,,84,09,33,,,00,,,,,,
2019_11_25_10,10070,,260,,70,12,10,,,00,,,,,,
2019_11_25_11,10065,,279,,61,18,14,,,00,,,,,,
2019_11_25_12,/,,/,,/,/,/,,,00,,,,,,
2019_11_25_13,10046,,303,,52,27,1,,,00,,,,,,
2019_11_25_14,10039,,298,,51,31,5,,,00,,,,,,
2019_11_25_15,10036,,279,,57,33,359,,,00,,,,,,
2019_11_25_16,10039,,264,,57,31,354,,,00,,,,,,
2019_11_25_17,10044,,232,,73,31,353,,,00,,,,,,
2019_11_25_18,10050,,214,,80,33,353,,,00,,,,,,
2019_11_25_19,10058,,208,,82,28,352,,,00,,,,,,
2019_11_25_20,10062,,204,,82,20,350,,,00,,,,,,
2019_11_25_21,10063,,200,,83,13,339,,,00,,,,,,
2019_11_25_22,10065,,196,,85,13,340,,,00,,,,,,
2019_11_25_23,10067,,194,,85,16,337,,,00,,,,,,
2019_11_25_24,10065,,193,,85,15,342,,,00,,,,,,
2019_11_26_01,10063,,196,,83,13,353,,,00,,,,,,
2019_11_26_02,10057,,197,,82,11,347,,,00,,,,,,
2019_11_26_03,10056,,195,,83,10,335,,,00,,,,,,
2019_11_26_04,10053,,194,,82,13,355,,,00,,,,,,
2019_11_26_05,10053,,189,,83,15,348,,,00,,,,,,
2019_11_26_06,10059,,187,,82,11,342,,,00,,,,,,
2019_11_26_07,10065,,189,,82,15,344,,,00,,,,,,
2019_11_26_08,10069,,214,,72,11,19,,,00,,,,,,
2019_11_26_09,10071,,237,,66,05,121,,,00,,,,,,
2019_11_26_10,10071,,260,,61,18,265,,,00,,,,,,
2019_11_26_11,10071,,269,,57,12,267,,,00,,,,,,
2019_11_26_12,10062,,288,,54,14,215,,,00,,,,,,
2019_11_26_13,10052,,291,,52,14,232,,,00,,,,,,
2019_11_26_14,10046,,291,,52,20,353,,,X,,,,,,
2019_11_26_15,10041,,291,,51,15,314,,,00,,,,,,
2019_11_26_16,10041,,267,,58,16,302,,,00,,,,,,
2019_11_26_17,10045,,241,,67,13,303,,,00,,,,,,
2019_11_26_18,10052,,224,,74,12,309,,,00,,,,,,
2019_11_26_19,10060,,217,,77,13,319,,,00,,,,,,
2019_11_26_20,10064,,206,,81,12,333,,,00,,,,,,
2019_11_26_21,10065,,197,,85,11,334,,,00,,,,,,
2019_11_26_22,10066,,192,,87,11,304,,,00,,,,,,
2019_11_26_23,10068,,190,,88,07,317,,,00,,,,,,
2019_11_26_24,10063,,184,,91,06,301,,,00,,,,,,
