觀測時間(hour),測站氣壓(hPa),氣溫(℃),相對溼度(%),風速(m/s),風向(360degree),降水量(mm)	
2019/10/01 01,991.0 ,23.6 ,94 ,2.7 ,358 ,0.0 
2019/10/01 02,992.1 ,23.5 ,99 ,2.1 ,9 ,0.5 
2019/10/01 03,992.5 ,23.5 ,99 ,0.8 ,284 ,0.0 
2019/10/01 04,993.3 ,23.3 ,99 ,1.8 ,352 ,6.5 
2019/10/01 05,994.1 ,23.3 ,99 ,1.7 ,340 ,0.5 
2019/10/01 06,995.2 ,23.1 ,99 ,1.2 ,309 ,0.5 
2019/10/01 07,996.5 ,23.8 ,99 ,0.3 ,238 ,0.0 
2019/10/01 08,997.5 ,24.6 ,99 ,0.9 ,176 ,0.0 
2019/10/01 09,998.3 ,26.0 ,93 ,1.1 ,147 ,0.0 
2019/10/01 10,998.6 ,26.2 ,92 ,1.4 ,124 ,0.0 
2019/10/01 11,998.7 ,27.8 ,82 ,2.0 ,134 ,0.0 
2019/10/01 12,998.1 ,30.2 ,74 ,2.0 ,141 ,0.0 
2019/10/01 13,997.5 ,29.8 ,74 ,2.0 ,127 ,0.0 
2019/10/01 14,996.8 ,32.2 ,57 ,1.8 ,215 ,0.0 
2019/10/01 15,996.8 ,30.3 ,64 ,1.9 ,218 ,0.0 
2019/10/01 16,997.2 ,30.8 ,56 ,2.1 ,236 ,0.0 
2019/10/01 17,997.7 ,29.7 ,65 ,1.3 ,259 ,0.0 
2019/10/01 18,997.7 ,27.0 ,71 ,1.1 ,231 ,0.0 
2019/10/01 19,/ ,/ ,/ ,/ ,/ ,0.0 
2019/10/01 20,998.3 ,24.5 ,87 ,1.0 ,210 ,0.0 
2019/10/01 21,998.4 ,24.4 ,89 ,0.9 ,201 ,0.0 
2019/10/01 22,998.4 ,23.9 ,91 ,1.4 ,202 ,0.0 
2019/10/01 23,998.6 ,23.5 ,96 ,1.3 ,201 ,0.0 
2019/10/01 24,998.8 ,23.2 ,95 ,1.3 ,204 ,0.0 
2019/10/02 01,999.0 ,23.2 ,95 ,1.2 ,178 ,X 
2019/10/02 02,999.1 ,23.3 ,92 ,0.8 ,198 ,0.0 
2019/10/02 03,999.1 ,23.1 ,92 ,1.0 ,171 ,0.0 
2019/10/02 04,999.1 ,23.2 ,93 ,1.1 ,193 ,0.0 
2019/10/02 05,999.7 ,22.8 ,93 ,0.8 ,172 ,0.0 
2019/10/02 06,1000.0 ,22.1 ,96 ,1.1 ,187 ,0.0 
2019/10/02 07,1000.7 ,24.2 ,82 ,1.3 ,182 ,0.0 
2019/10/02 08,1000.9 ,27.1 ,72 ,2.0 ,151 ,0.0 
2019/10/02 09,1001.0 ,29.6 ,64 ,2.5 ,124 ,0.0 
2019/10/02 10,1001.0 ,31.7 ,57 ,1.7 ,133 ,0.0 
2019/10/02 11,1000.3 ,33.1 ,54 ,1.7 ,217 ,0.0 
2019/10/02 12,999.7 ,33.6 ,56 ,2.2 ,223 ,0.0 
2019/10/02 13,999.3 ,34.0 ,54 ,2.2 ,247 ,0.0 
2019/10/02 14,998.7 ,34.5 ,53 ,1.6 ,212 ,0.0 
2019/10/02 15,998.6 ,33.5 ,61 ,2.2 ,274 ,0.0 
2019/10/02 16,998.6 ,32.0 ,69 ,1.9 ,267 ,0.0 
2019/10/02 17,998.6 ,30.3 ,75 ,2.2 ,265 ,0.0 
2019/10/02 18,998.9 ,28.4 ,84 ,2.2 ,256 ,0.0 
2019/10/02 19,999.3 ,26.9 ,92 ,0.9 ,221 ,0.0 
2019/10/02 20,999.9 ,27.2 ,91 ,1.6 ,235 ,0.0 
2019/10/02 21,1000.3 ,26.6 ,93 ,1.1 ,213 ,0.0 
2019/10/02 22,1000.5 ,25.5 ,98 ,0.9 ,168 ,0.0 
2019/10/02 23,1000.3 ,25.5 ,99 ,2.1 ,250 ,0.0 
2019/10/02 24,1000.4 ,24.8 ,99 ,0.7 ,168 ,0.0 
2019/10/03 01,1000.3 ,24.2 ,99 ,0.5 ,223 ,0.0 
2019/10/03 02,1000.3 ,24.2 ,99 ,0.5 ,176 ,0.0 
2019/10/03 03,1000.3 ,23.9 ,99 ,0.0 ,0 ,0.0 
2019/10/03 04,1000.8 ,23.5 ,99 ,0.3 ,233 ,0.0 
2019/10/03 05,1001.3 ,23.7 ,99 ,0.2 ,0 ,0.0 
2019/10/03 06,1001.6 ,23.7 ,99 ,0.9 ,174 ,0.0 
2019/10/03 07,1002.1 ,24.7 ,95 ,0.9 ,150 ,0.0 
2019/10/03 08,1002.5 ,27.0 ,81 ,1.4 ,153 ,0.0 
2019/10/03 09,1002.5 ,30.3 ,68 ,1.4 ,133 ,0.0 
2019/10/03 10,1002.4 ,31.8 ,59 ,0.9 ,122 ,0.0 
2019/10/03 11,1001.8 ,32.5 ,61 ,0.4 ,280 ,0.0 
2019/10/03 12,1000.9 ,33.1 ,58 ,1.4 ,267 ,0.0 
2019/10/03 13,1000.1 ,33.7 ,61 ,1.1 ,355 ,0.0 
2019/10/03 14,999.4 ,33.6 ,59 ,1.2 ,314 ,0.0 
2019/10/03 15,999.1 ,33.3 ,54 ,1.6 ,306 ,0.0 
2019/10/03 16,999.3 ,30.7 ,70 ,2.2 ,336 ,0.0 
2019/10/03 17,999.6 ,28.8 ,82 ,1.7 ,307 ,X 
2019/10/03 18,999.7 ,27.1 ,91 ,1.1 ,302 ,0.0 
2019/10/03 19,1000.1 ,26.2 ,93 ,0.9 ,270 ,0.0 
2019/10/03 20,1000.5 ,25.9 ,93 ,1.1 ,258 ,0.0 
2019/10/03 21,1000.9 ,25.4 ,97 ,0.1 ,0 ,0.0 
2019/10/03 22,1001.0 ,25.1 ,99 ,0.8 ,146 ,0.0 
2019/10/03 23,1000.8 ,25.0 ,99 ,0.2 ,0 ,0.0 
2019/10/03 24,1000.7 ,24.6 ,99 ,0.1 ,0 ,0.0 
2019/10/04 01,1000.7 ,24.8 ,99 ,0.0 ,0 ,0.0 
2019/10/04 02,1000.4 ,24.4 ,99 ,0.9 ,258 ,0.0 
2019/10/04 03,1000.3 ,24.1 ,99 ,0.3 ,246 ,0.0 
2019/10/04 04,1000.3 ,24.3 ,99 ,0.5 ,195 ,0.0 
2019/10/04 05,1000.5 ,23.6 ,99 ,0.5 ,200 ,0.0 
2019/10/04 06,1001.0 ,23.3 ,99 ,0.4 ,202 ,0.0 
2019/10/04 07,1001.7 ,24.1 ,99 ,0.8 ,176 ,0.0 
2019/10/04 08,1002.0 ,27.5 ,83 ,0.4 ,150 ,0.0 
2019/10/04 09,1002.0 ,29.4 ,73 ,0.3 ,220 ,0.0 
2019/10/04 10,1002.0 ,31.0 ,70 ,0.6 ,58 ,0.0 
2019/10/04 11,1001.4 ,31.0 ,68 ,1.2 ,293 ,0.0 
2019/10/04 12,1000.4 ,31.4 ,67 ,1.9 ,312 ,0.0 
2019/10/04 13,999.7 ,32.5 ,68 ,1.9 ,324 ,0.0 
2019/10/04 14,999.1 ,31.6 ,66 ,2.0 ,315 ,0.0 
2019/10/04 15,998.9 ,30.9 ,70 ,2.0 ,347 ,0.0 
2019/10/04 16,998.9 ,29.7 ,71 ,1.6 ,332 ,0.0 
2019/10/04 17,999.1 ,28.6 ,77 ,1.5 ,317 ,0.0 
2019/10/04 18,999.5 ,27.1 ,83 ,1.6 ,288 ,0.0 
2019/10/04 19,1000.1 ,26.0 ,88 ,1.3 ,265 ,0.0 
2019/10/04 20,1000.5 ,25.4 ,91 ,1.2 ,272 ,0.0 
2019/10/04 21,1000.9 ,24.9 ,93 ,0.4 ,245 ,0.0 
2019/10/04 22,1001.0 ,24.7 ,96 ,1.3 ,269 ,0.0 
2019/10/04 23,1000.9 ,24.5 ,97 ,1.6 ,273 ,0.0 
2019/10/04 24,1000.7 ,24.2 ,99 ,0.4 ,260 ,0.0 
2019/10/05 01,1000.4 ,24.2 ,99 ,0.4 ,275 ,0.0 
2019/10/05 02,1000.3 ,24.2 ,99 ,0.3 ,240 ,0.0 
2019/10/05 03,1000.3 ,24.2 ,99 ,0.7 ,177 ,0.0 
2019/10/05 04,1000.2 ,24.2 ,99 ,0.6 ,227 ,0.0 
2019/10/05 05,1000.4 ,24.0 ,99 ,0.2 ,0 ,0.0 
2019/10/05 06,1000.9 ,23.9 ,99 ,0.0 ,0 ,0.0 
2019/10/05 07,1001.4 ,24.4 ,99 ,0.6 ,189 ,0.0 
2019/10/05 08,1001.7 ,26.1 ,91 ,0.3 ,183 ,0.0 
2019/10/05 09,1001.9 ,29.4 ,79 ,0.6 ,138 ,0.0 
2019/10/05 10,1001.8 ,29.1 ,80 ,0.5 ,252 ,0.0 
2019/10/05 11,1001.6 ,30.5 ,71 ,1.2 ,288 ,0.0 
2019/10/05 12,1001.1 ,32.7 ,67 ,1.5 ,307 ,0.0 
2019/10/05 13,1000.3 ,32.9 ,65 ,1.6 ,297 ,0.0 
2019/10/05 14,1000.1 ,32.0 ,66 ,1.8 ,290 ,0.0 
2019/10/05 15,999.7 ,29.9 ,74 ,2.0 ,345 ,0.0 
2019/10/05 16,1000.3 ,28.7 ,77 ,1.4 ,326 ,0.0 
2019/10/05 17,1000.3 ,27.7 ,79 ,1.2 ,295 ,0.0 
2019/10/05 18,/ ,/ ,/ ,/ ,/ ,0.0 
2019/10/05 19,1000.9 ,25.5 ,87 ,1.8 ,260 ,0.0 
2019/10/05 20,1001.7 ,25.8 ,85 ,1.7 ,239 ,0.0 
2019/10/05 21,1002.7 ,25.0 ,92 ,0.5 ,192 ,0.0 
2019/10/05 22,1002.5 ,24.9 ,95 ,1.4 ,205 ,0.0 
2019/10/05 23,1002.6 ,24.5 ,97 ,0.3 ,239 ,0.0 
2019/10/05 24,1002.7 ,24.5 ,97 ,0.8 ,205 ,0.0 
2019/10/06 01,1002.5 ,25.0 ,95 ,0.9 ,219 ,0.0 
2019/10/06 02,1002.2 ,25.0 ,96 ,0.0 ,0 ,0.0 
2019/10/06 03,1001.9 ,24.9 ,97 ,0.4 ,297 ,0.0 
2019/10/06 04,1001.6 ,24.5 ,98 ,1.0 ,264 ,0.0 
2019/10/06 05,1001.9 ,24.7 ,98 ,1.1 ,268 ,0.0 
2019/10/06 06,1002.0 ,24.6 ,99 ,0.6 ,280 ,0.0 
2019/10/06 07,1002.8 ,25.1 ,98 ,0.7 ,244 ,0.0 
2019/10/06 08,1003.1 ,28.2 ,84 ,0.9 ,142 ,0.0 
2019/10/06 09,1003.4 ,30.0 ,76 ,0.6 ,140 ,0.0 
2019/10/06 10,1003.3 ,30.7 ,73 ,1.3 ,255 ,0.0 
2019/10/06 11,1002.5 ,31.3 ,70 ,0.9 ,279 ,0.0 
2019/10/06 12,1001.7 ,32.0 ,67 ,2.0 ,259 ,0.0 
2019/10/06 13,1001.5 ,32.5 ,65 ,1.5 ,246 ,0.0 
2019/10/06 14,1001.2 ,31.5 ,68 ,2.1 ,260 ,0.0 
2019/10/06 15,1001.1 ,30.9 ,70 ,2.4 ,244 ,0.0 
2019/10/06 16,1001.5 ,29.7 ,74 ,2.5 ,259 ,0.0 
2019/10/06 17,1001.7 ,28.6 ,77 ,1.8 ,252 ,0.0 
2019/10/06 18,1001.9 ,27.3 ,83 ,1.0 ,270 ,0.0 
2019/10/06 19,1002.4 ,25.7 ,92 ,0.0 ,0 ,0.0 
2019/10/06 20,1002.9 ,25.9 ,92 ,1.1 ,263 ,0.0 
2019/10/06 21,1003.4 ,25.0 ,95 ,0.9 ,286 ,0.0 
2019/10/06 22,1003.4 ,24.8 ,95 ,0.6 ,263 ,0.0 
2019/10/06 23,1003.6 ,24.8 ,95 ,0.6 ,254 ,0.0 
2019/10/06 24,1003.5 ,24.2 ,98 ,0.7 ,260 ,0.0 
2019/10/07 01,1003.4 ,24.0 ,99 ,0.5 ,213 ,0.0 
2019/10/07 02,1003.1 ,24.3 ,99 ,0.7 ,178 ,X 
2019/10/07 03,1002.8 ,24.8 ,96 ,0.9 ,203 ,0.0 
2019/10/07 04,1002.6 ,24.4 ,99 ,0.6 ,203 ,X 
2019/10/07 05,1002.7 ,24.1 ,99 ,0.7 ,234 ,0.0 
2019/10/07 06,1003.1 ,23.9 ,99 ,0.0 ,0 ,0.0 
2019/10/07 07,1003.5 ,24.9 ,99 ,0.8 ,209 ,0.0 
2019/10/07 08,1004.3 ,28.2 ,80 ,0.8 ,118 ,0.0 
2019/10/07 09,1004.9 ,29.5 ,75 ,1.1 ,110 ,0.0 
2019/10/07 10,1005.0 ,31.2 ,68 ,0.9 ,322 ,0.0 
2019/10/07 11,1004.3 ,30.7 ,70 ,1.7 ,302 ,0.0 
2019/10/07 12,1003.5 ,30.7 ,74 ,1.3 ,327 ,0.0 
2019/10/07 13,1003.0 ,32.2 ,69 ,1.7 ,348 ,0.0 
2019/10/07 14,1002.4 ,32.0 ,68 ,1.5 ,333 ,0.0 
2019/10/07 15,1002.1 ,31.2 ,70 ,1.8 ,325 ,0.0 
2019/10/07 16,1002.3 ,30.3 ,73 ,1.5 ,323 ,0.0 
2019/10/07 17,1002.6 ,28.5 ,76 ,1.1 ,314 ,0.0 
2019/10/07 18,1002.8 ,26.8 ,82 ,1.0 ,311 ,0.0 
2019/10/07 19,1002.8 ,26.1 ,85 ,1.0 ,287 ,0.0 
2019/10/07 20,1003.2 ,25.8 ,89 ,1.2 ,274 ,0.0 
2019/10/07 21,1003.7 ,25.2 ,92 ,1.4 ,269 ,0.0 
2019/10/07 22,1003.7 ,24.7 ,94 ,1.7 ,275 ,0.0 
2019/10/07 23,1003.6 ,24.4 ,96 ,0.5 ,181 ,0.0 
2019/10/07 24,1003.2 ,24.8 ,96 ,0.8 ,209 ,0.0 
2019/10/08 01,1002.6 ,24.9 ,97 ,0.3 ,272 ,0.0 
2019/10/08 02,1002.2 ,24.8 ,97 ,0.0 ,0 ,0.0 
2019/10/08 03,1001.9 ,24.1 ,98 ,0.0 ,0 ,0.0 
2019/10/08 04,1001.6 ,24.5 ,99 ,0.5 ,222 ,0.0 
2019/10/08 05,1002.0 ,24.1 ,99 ,0.6 ,250 ,0.0 
2019/10/08 06,1002.5 ,23.4 ,99 ,0.9 ,206 ,0.0 
2019/10/08 07,1003.1 ,24.8 ,91 ,0.5 ,190 ,0.0 
2019/10/08 08,1003.6 ,26.8 ,80 ,1.1 ,142 ,0.0 
2019/10/08 09,/ ,/ ,/ ,/ ,/ ,0.0 
2019/10/08 10,1004.3 ,29.7 ,75 ,1.8 ,238 ,0.0 
2019/10/08 11,1003.7 ,30.2 ,73 ,1.5 ,272 ,0.0 
2019/10/08 12,1002.8 ,29.9 ,76 ,1.0 ,323 ,0.0 
2019/10/08 13,1002.0 ,31.7 ,70 ,1.2 ,338 ,0.0 
2019/10/08 14,1001.5 ,30.1 ,74 ,1.0 ,328 ,0.0 
2019/10/08 15,1001.2 ,31.2 ,70 ,1.3 ,320 ,0.0 
2019/10/08 16,1001.4 ,30.2 ,71 ,1.7 ,326 ,0.0 
2019/10/08 17,1001.6 ,28.6 ,74 ,1.3 ,312 ,0.0 
2019/10/08 18,1002.1 ,26.9 ,83 ,1.0 ,304 ,0.0 
2019/10/08 19,1002.2 ,26.1 ,85 ,1.1 ,308 ,0.0 
2019/10/08 20,1003.0 ,25.2 ,88 ,1.2 ,268 ,0.0 
2019/10/08 21,1003.2 ,24.7 ,89 ,0.7 ,255 ,0.0 
2019/10/08 22,1003.1 ,24.4 ,94 ,0.8 ,257 ,0.0 
2019/10/08 23,1003.2 ,24.5 ,92 ,0.9 ,257 ,0.0 
2019/10/08 24,/ ,/ ,/ ,/ ,/ ,0.0 
2019/10/09 01,1002.4 ,24.6 ,96 ,0.7 ,221 ,0.0 
2019/10/09 02,1002.0 ,25.0 ,94 ,0.3 ,196 ,0.0 
2019/10/09 03,1001.6 ,24.8 ,96 ,0.8 ,219 ,0.0 
2019/10/09 04,1001.6 ,24.4 ,98 ,0.9 ,279 ,0.0 
2019/10/09 05,1001.6 ,24.4 ,96 ,1.1 ,268 ,0.0 
2019/10/09 06,1002.0 ,23.9 ,99 ,1.0 ,259 ,0.0 
2019/10/09 07,1002.5 ,25.2 ,98 ,0.2 ,0 ,0.0 
2019/10/09 08,1003.0 ,26.3 ,89 ,0.5 ,134 ,0.0 
2019/10/09 09,1003.3 ,28.7 ,82 ,0.3 ,57 ,0.0 
2019/10/09 10,1003.1 ,29.3 ,76 ,1.6 ,244 ,0.0 
2019/10/09 11,1002.6 ,31.0 ,68 ,1.7 ,246 ,0.0 
2019/10/09 12,1001.7 ,31.6 ,62 ,1.5 ,237 ,0.0 
2019/10/09 13,1000.8 ,33.0 ,59 ,2.1 ,278 ,0.0 
2019/10/09 14,1000.0 ,33.0 ,55 ,1.8 ,260 ,0.0 
2019/10/09 15,999.6 ,31.5 ,67 ,1.4 ,328 ,0.0 
2019/10/09 16,999.6 ,30.9 ,66 ,2.0 ,304 ,X 
2019/10/09 17,999.9 ,28.8 ,74 ,1.5 ,308 ,0.0 
2019/10/09 18,1000.3 ,26.8 ,83 ,1.0 ,309 ,0.0 
2019/10/09 19,1000.6 ,26.2 ,84 ,1.1 ,310 ,0.0 
2019/10/09 20,1001.6 ,25.5 ,86 ,1.0 ,293 ,0.0 
2019/10/09 21,1001.9 ,24.8 ,89 ,1.1 ,272 ,0.0 
2019/10/09 22,1001.9 ,24.4 ,89 ,1.5 ,276 ,0.0 
2019/10/09 23,1001.9 ,24.2 ,90 ,1.2 ,267 ,0.0 
2019/10/09 24,1001.7 ,24.2 ,92 ,1.0 ,203 ,0.0 
2019/10/10 01,1001.4 ,23.7 ,93 ,0.5 ,254 ,0.0 
2019/10/10 02,1000.9 ,23.5 ,95 ,1.5 ,271 ,0.0 
2019/10/10 03,1000.4 ,23.0 ,96 ,0.9 ,276 ,0.0 
2019/10/10 04,1000.3 ,22.9 ,96 ,1.3 ,266 ,0.0 
2019/10/10 05,1000.6 ,22.9 ,96 ,1.4 ,270 ,0.0 
2019/10/10 06,1001.1 ,23.1 ,97 ,1.1 ,268 ,0.0 
2019/10/10 07,1001.6 ,23.9 ,97 ,0.0 ,0 ,0.0 
2019/10/10 08,1002.0 ,27.7 ,81 ,1.1 ,166 ,0.0 
2019/10/10 09,1002.3 ,29.2 ,77 ,1.2 ,18 ,0.0 
2019/10/10 10,1002.3 ,30.1 ,70 ,1.2 ,71 ,0.0 
2019/10/10 11,1001.5 ,29.7 ,70 ,0.9 ,340 ,0.0 
2019/10/10 12,1000.6 ,32.0 ,57 ,1.3 ,317 ,0.0 
2019/10/10 13,999.8 ,33.1 ,52 ,2.0 ,273 ,0.0 
2019/10/10 14,/ ,/ ,/ ,/ ,/ ,0.0 
2019/10/10 15,998.8 ,31.8 ,57 ,2.0 ,316 ,0.0 
2019/10/10 16,998.7 ,30.3 ,63 ,1.7 ,314 ,0.0 
2019/10/10 17,998.8 ,27.5 ,72 ,1.5 ,313 ,0.0 
2019/10/10 18,999.0 ,26.0 ,78 ,1.5 ,276 ,0.0 
2019/10/10 19,999.6 ,24.6 ,86 ,1.1 ,269 ,0.0 
2019/10/10 20,1000.1 ,23.2 ,94 ,0.9 ,260 ,0.0 
2019/10/10 21,1000.5 ,23.5 ,91 ,1.5 ,266 ,0.0 
2019/10/10 22,1000.5 ,22.8 ,94 ,1.0 ,259 ,0.0 
2019/10/10 23,1000.4 ,22.8 ,95 ,0.5 ,234 ,0.0 
2019/10/10 24,1000.2 ,22.6 ,97 ,1.0 ,222 ,0.0 
2019/10/11 01,999.7 ,22.4 ,98 ,0.6 ,223 ,0.0 
2019/10/11 02,999.3 ,22.2 ,99 ,0.4 ,253 ,0.0 
2019/10/11 03,999.1 ,22.1 ,99 ,0.6 ,225 ,0.0 
2019/10/11 04,999.0 ,22.4 ,99 ,0.1 ,0 ,0.0 
2019/10/11 05,999.3 ,22.6 ,99 ,0.9 ,260 ,0.0 
2019/10/11 06,999.9 ,22.8 ,99 ,0.5 ,221 ,0.0 
2019/10/11 07,1000.3 ,23.8 ,97 ,0.0 ,0 ,0.0 
2019/10/11 08,1000.7 ,24.9 ,91 ,0.3 ,128 ,0.0 
2019/10/11 09,1001.0 ,29.2 ,74 ,1.1 ,68 ,0.0 
2019/10/11 10,1000.6 ,28.5 ,77 ,0.9 ,297 ,0.0 
2019/10/11 11,999.9 ,30.4 ,67 ,1.4 ,311 ,0.0 
2019/10/11 12,999.0 ,31.4 ,60 ,1.6 ,301 ,0.0 
2019/10/11 13,998.3 ,32.0 ,60 ,1.5 ,20 ,0.0 
2019/10/11 14,997.8 ,31.8 ,60 ,1.8 ,5 ,0.0 
2019/10/11 15,997.5 ,31.6 ,61 ,1.5 ,323 ,0.0 
2019/10/11 16,997.3 ,31.2 ,62 ,1.8 ,302 ,0.0 
2019/10/11 17,997.5 ,28.1 ,75 ,1.6 ,297 ,0.0 
2019/10/11 18,997.7 ,26.3 ,83 ,1.3 ,283 ,0.0 
2019/10/11 19,998.0 ,25.3 ,87 ,0.9 ,264 ,0.0 
2019/10/11 20,998.5 ,24.3 ,92 ,1.2 ,262 ,0.0 
2019/10/11 21,999.1 ,24.3 ,92 ,1.4 ,271 ,0.0 
2019/10/11 22,999.1 ,23.9 ,94 ,1.1 ,201 ,0.0 
2019/10/11 23,999.3 ,23.6 ,96 ,1.5 ,278 ,X 
2019/10/11 24,999.5 ,23.8 ,96 ,1.0 ,155 ,0.0 
2019/10/12 01,999.2 ,23.5 ,98 ,0.9 ,157 ,0.0 
2019/10/12 02,999.3 ,23.6 ,96 ,1.0 ,212 ,0.0 
2019/10/12 03,999.1 ,23.7 ,96 ,0.7 ,214 ,0.0 
2019/10/12 04,999.0 ,23.2 ,98 ,0.9 ,250 ,0.0 
2019/10/12 05,999.2 ,23.0 ,98 ,1.1 ,261 ,0.0 
2019/10/12 06,999.7 ,23.0 ,98 ,1.7 ,272 ,0.0 
2019/10/12 07,1000.4 ,24.4 ,96 ,0.9 ,273 ,0.0 
2019/10/12 08,1000.8 ,26.5 ,86 ,0.1 ,0 ,0.0 
2019/10/12 09,1001.1 ,29.4 ,73 ,1.0 ,96 ,0.0 
2019/10/12 10,1000.7 ,30.7 ,69 ,1.3 ,52 ,0.0 
2019/10/12 11,1000.3 ,29.7 ,71 ,1.4 ,319 ,0.0 
2019/10/12 12,999.6 ,31.5 ,63 ,1.7 ,333 ,0.0 
2019/10/12 13,999.2 ,32.2 ,58 ,1.9 ,295 ,0.0 
2019/10/12 14,998.8 ,31.9 ,57 ,1.6 ,300 ,0.0 
2019/10/12 15,/ ,/ ,/ ,/ ,/ ,0.0 
2019/10/12 16,998.4 ,30.6 ,66 ,1.3 ,322 ,0.0 
2019/10/12 17,998.6 ,28.2 ,77 ,1.3 ,307 ,0.0 
2019/10/12 18,998.8 ,26.6 ,85 ,1.0 ,307 ,0.0 
2019/10/12 19,999.4 ,25.9 ,87 ,1.5 ,264 ,0.0 
2019/10/12 20,1000.2 ,25.8 ,89 ,1.3 ,252 ,X 
2019/10/12 21,1000.8 ,24.9 ,93 ,0.0 ,0 ,0.0 
2019/10/12 22,1001.0 ,24.4 ,95 ,0.9 ,214 ,0.0 
2019/10/12 23,1000.9 ,24.3 ,96 ,0.7 ,179 ,0.0 
2019/10/12 24,1001.1 ,23.9 ,98 ,1.0 ,147 ,0.0 
2019/10/13 01,1000.9 ,23.9 ,97 ,1.0 ,208 ,0.0 
2019/10/13 02,1001.0 ,23.8 ,98 ,0.9 ,239 ,0.0 
2019/10/13 03,1000.8 ,23.3 ,98 ,1.2 ,275 ,0.0 
2019/10/13 04,1000.9 ,23.4 ,99 ,1.4 ,271 ,0.0 
2019/10/13 05,1001.1 ,23.3 ,99 ,1.7 ,265 ,0.0 
2019/10/13 06,1001.6 ,23.2 ,99 ,1.3 ,267 ,0.0 
2019/10/13 07,1002.0 ,24.4 ,96 ,0.6 ,270 ,0.0 
2019/10/13 08,1002.5 ,27.3 ,83 ,0.8 ,124 ,0.0 
2019/10/13 09,1002.8 ,29.0 ,76 ,0.9 ,26 ,0.0 
2019/10/13 10,1002.9 ,29.1 ,78 ,1.4 ,16 ,0.0 
2019/10/13 11,1002.6 ,30.5 ,69 ,1.6 ,340 ,0.0 
2019/10/13 12,1001.8 ,31.3 ,62 ,1.3 ,320 ,0.0 
2019/10/13 13,1001.3 ,32.6 ,57 ,2.1 ,332 ,0.0 
2019/10/13 14,1000.9 ,32.3 ,56 ,2.0 ,322 ,0.0 
2019/10/13 15,1000.6 ,31.5 ,61 ,2.1 ,330 ,0.0 
2019/10/13 16,1000.7 ,29.6 ,63 ,2.6 ,354 ,0.0 
2019/10/13 17,1000.8 ,27.3 ,72 ,2.5 ,351 ,0.0 
2019/10/13 18,1000.9 ,25.8 ,76 ,2.8 ,355 ,0.0 
2019/10/13 19,1001.3 ,24.8 ,77 ,1.9 ,343 ,0.0 
2019/10/13 20,1001.9 ,24.2 ,77 ,1.2 ,339 ,0.0 
2019/10/13 21,1002.4 ,23.7 ,81 ,1.4 ,345 ,0.0 
2019/10/13 22,1002.5 ,23.4 ,83 ,1.0 ,311 ,0.0 
2019/10/13 23,1002.7 ,22.9 ,87 ,1.0 ,278 ,0.0 
2019/10/13 24,1002.9 ,22.6 ,88 ,1.3 ,274 ,0.0 
2019/10/14 01,1002.8 ,22.4 ,88 ,0.7 ,289 ,0.0 
2019/10/14 02,1002.7 ,21.9 ,91 ,0.8 ,273 ,0.0 
2019/10/14 03,1002.4 ,22.1 ,90 ,0.8 ,302 ,0.0 
2019/10/14 04,1002.4 ,21.8 ,88 ,1.0 ,327 ,0.0 
2019/10/14 05,1002.7 ,21.5 ,87 ,1.0 ,326 ,0.0 
2019/10/14 06,1003.4 ,22.4 ,85 ,1.0 ,335 ,0.0 
2019/10/14 07,1004.0 ,23.0 ,82 ,1.5 ,348 ,0.0 
2019/10/14 08,1004.6 ,24.8 ,78 ,1.2 ,354 ,0.0 
2019/10/14 09,1004.9 ,25.5 ,76 ,1.0 ,10 ,0.0 
2019/10/14 10,1004.9 ,28.6 ,65 ,0.7 ,35 ,0.0 
2019/10/14 11,1004.7 ,30.4 ,60 ,1.0 ,12 ,0.0 
2019/10/14 12,1004.2 ,32.1 ,56 ,1.3 ,306 ,0.0 
2019/10/14 13,1003.7 ,31.0 ,60 ,1.8 ,355 ,0.0 
2019/10/14 14,1003.0 ,31.7 ,54 ,2.0 ,355 ,0.0 
2019/10/14 15,1003.0 ,30.1 ,51 ,3.5 ,357 ,0.0 
2019/10/14 16,1003.1 ,28.2 ,56 ,3.6 ,3 ,0.0 
2019/10/14 17,1003.6 ,26.3 ,60 ,2.4 ,357 ,0.0 
2019/10/14 18,1003.8 ,24.9 ,65 ,2.9 ,359 ,0.0 
2019/10/14 19,1004.3 ,24.0 ,63 ,2.5 ,355 ,0.0 
2019/10/14 20,1004.4 ,23.0 ,68 ,1.6 ,340 ,0.0 
2019/10/14 21,1004.7 ,22.9 ,68 ,1.9 ,351 ,0.0 
2019/10/14 22,1005.2 ,22.6 ,65 ,2.0 ,350 ,0.0 
2019/10/14 23,1005.2 ,22.2 ,67 ,1.4 ,349 ,0.0 
2019/10/14 24,1005.3 ,21.8 ,69 ,1.1 ,314 ,0.0 
2019/10/15 01,1005.2 ,21.0 ,73 ,0.8 ,332 ,0.0 
2019/10/15 02,1004.9 ,20.6 ,77 ,0.4 ,317 ,0.0 
2019/10/15 03,1004.7 ,20.8 ,79 ,1.1 ,276 ,0.0 
2019/10/15 04,1004.9 ,20.9 ,77 ,0.6 ,297 ,0.0 
2019/10/15 05,1004.9 ,21.1 ,79 ,0.5 ,293 ,0.0 
2019/10/15 06,/ ,/ ,/ ,/ ,/ ,0.0 
2019/10/15 07,1005.7 ,21.7 ,84 ,0.3 ,205 ,0.0 
2019/10/15 08,1006.2 ,24.0 ,77 ,0.5 ,157 ,0.0 
2019/10/15 09,1006.5 ,27.0 ,65 ,1.6 ,3 ,X 
2019/10/15 10,1006.8 ,27.3 ,58 ,0.9 ,339 ,0.0 
2019/10/15 11,1006.2 ,30.9 ,56 ,1.5 ,334 ,0.0 
2019/10/15 12,1005.0 ,31.5 ,50 ,1.0 ,280 ,0.0 
2019/10/15 13,1004.5 ,31.0 ,48 ,2.8 ,356 ,0.0 
2019/10/15 14,1003.7 ,30.5 ,49 ,3.3 ,354 ,0.0 
2019/10/15 15,1003.3 ,29.3 ,52 ,2.7 ,356 ,0.0 
2019/10/15 16,1003.4 ,27.5 ,54 ,2.7 ,1 ,0.0 
2019/10/15 17,1003.7 ,25.1 ,60 ,2.9 ,355 ,0.0 
2019/10/15 18,1003.8 ,23.2 ,65 ,1.8 ,342 ,0.0 
2019/10/15 19,1004.1 ,22.3 ,70 ,2.1 ,344 ,0.0 
2019/10/15 20,1004.7 ,21.6 ,73 ,1.3 ,345 ,0.0 
2019/10/15 21,1005.3 ,21.5 ,73 ,1.6 ,346 ,0.0 
2019/10/15 22,1005.6 ,21.0 ,76 ,1.2 ,338 ,0.0 
2019/10/15 23,1005.9 ,20.6 ,77 ,1.0 ,326 ,0.0 
2019/10/15 24,1005.8 ,20.3 ,78 ,1.2 ,329 ,0.0 
2019/10/16 01,1005.4 ,20.1 ,80 ,1.0 ,325 ,0.0 
2019/10/16 02,1005.1 ,20.5 ,78 ,1.1 ,345 ,0.0 
2019/10/16 03,1004.6 ,20.3 ,78 ,0.9 ,327 ,0.0 
2019/10/16 04,1004.4 ,20.0 ,80 ,1.0 ,330 ,0.0 
2019/10/16 05,1004.6 ,19.7 ,82 ,1.4 ,339 ,0.0 
2019/10/16 06,1005.2 ,19.9 ,82 ,0.5 ,306 ,0.0 
2019/10/16 07,1005.4 ,21.5 ,81 ,0.4 ,331 ,0.0 
2019/10/16 08,1005.7 ,24.5 ,70 ,1.3 ,14 ,0.0 
2019/10/16 09,1006.0 ,26.7 ,61 ,1.9 ,360 ,0.0 
2019/10/16 10,1005.6 ,28.6 ,56 ,2.0 ,6 ,0.0 
2019/10/16 11,1005.0 ,28.7 ,57 ,1.3 ,355 ,0.0 
2019/10/16 12,1004.0 ,30.9 ,53 ,1.2 ,214 ,0.0 
2019/10/16 13,1003.3 ,29.8 ,57 ,1.0 ,339 ,0.0 
2019/10/16 14,1002.8 ,29.2 ,59 ,2.4 ,6 ,0.0 
2019/10/16 15,1002.5 ,29.8 ,57 ,2.9 ,3 ,0.0 
2019/10/16 16,1002.5 ,28.0 ,63 ,2.3 ,353 ,0.0 
2019/10/16 17,1002.8 ,25.7 ,69 ,2.3 ,347 ,0.0 
2019/10/16 18,1003.0 ,24.0 ,74 ,2.1 ,352 ,0.0 
2019/10/16 19,1003.5 ,23.1 ,80 ,2.5 ,349 ,0.0 
2019/10/16 20,1004.3 ,23.0 ,83 ,2.1 ,349 ,0.0 
2019/10/16 21,1004.5 ,22.5 ,85 ,1.8 ,347 ,0.0 
2019/10/16 22,1004.6 ,22.1 ,87 ,0.7 ,320 ,0.0 
2019/10/16 23,1004.6 ,22.2 ,86 ,1.0 ,315 ,0.0 
2019/10/16 24,1004.5 ,21.3 ,91 ,1.0 ,297 ,0.0 
2019/10/17 01,1004.1 ,20.9 ,93 ,1.2 ,274 ,0.0 
2019/10/17 02,1003.7 ,20.1 ,96 ,1.0 ,258 ,0.0 
2019/10/17 03,1003.4 ,20.7 ,95 ,1.1 ,278 ,0.0 
2019/10/17 04,1003.0 ,21.1 ,96 ,0.5 ,280 ,0.0 
2019/10/17 05,1003.2 ,21.4 ,95 ,0.9 ,280 ,0.0 
2019/10/17 06,1003.7 ,21.3 ,93 ,1.2 ,330 ,0.0 
2019/10/17 07,1004.1 ,22.4 ,84 ,1.2 ,334 ,0.0 
2019/10/17 08,1004.6 ,23.4 ,81 ,1.8 ,345 ,0.0 
2019/10/17 09,1004.8 ,26.6 ,70 ,1.6 ,4 ,0.0 
2019/10/17 10,1004.7 ,29.4 ,60 ,2.1 ,355 ,0.0 
2019/10/17 11,1004.1 ,30.7 ,54 ,1.9 ,355 ,0.0 
2019/10/17 12,1003.4 ,30.8 ,52 ,2.3 ,2 ,0.0 
2019/10/17 13,1002.3 ,31.2 ,50 ,2.5 ,2 ,0.0 
2019/10/17 14,1001.8 ,30.2 ,50 ,3.4 ,352 ,0.0 
2019/10/17 15,1001.5 ,29.3 ,50 ,3.4 ,360 ,0.0 
2019/10/17 16,/ ,/ ,/ ,/ ,/ ,0.0 
2019/10/17 17,1001.5 ,25.5 ,57 ,2.2 ,349 ,0.0 
2019/10/17 18,1001.7 ,23.9 ,61 ,1.9 ,343 ,0.0 
2019/10/17 19,1002.5 ,23.1 ,63 ,2.3 ,347 ,0.0 
2019/10/17 20,1003.2 ,22.3 ,67 ,1.3 ,341 ,0.0 
2019/10/17 21,1003.8 ,21.8 ,72 ,1.5 ,344 ,0.0 
2019/10/17 22,1004.1 ,21.7 ,73 ,1.8 ,342 ,0.0 
2019/10/17 23,1004.3 ,21.4 ,74 ,1.6 ,349 ,0.0 
2019/10/17 24,1004.1 ,21.0 ,76 ,1.2 ,347 ,0.0 
2019/10/18 01,1003.7 ,20.3 ,76 ,1.2 ,335 ,0.0 
2019/10/18 02,1003.1 ,20.1 ,76 ,1.1 ,327 ,0.0 
2019/10/18 03,1002.8 ,19.9 ,77 ,1.2 ,329 ,0.0 
2019/10/18 04,1002.6 ,19.7 ,79 ,0.9 ,325 ,0.0 
2019/10/18 05,1002.9 ,19.5 ,79 ,1.1 ,346 ,0.0 
2019/10/18 06,1003.0 ,18.7 ,82 ,0.6 ,306 ,0.0 
2019/10/18 07,1003.5 ,19.4 ,82 ,0.1 ,0 ,0.0 
2019/10/18 08,1004.0 ,24.9 ,59 ,1.0 ,13 ,0.0 
2019/10/18 09,1004.3 ,26.6 ,50 ,1.1 ,31 ,0.0 
2019/10/18 10,1004.4 ,28.6 ,45 ,1.8 ,55 ,0.0 
2019/10/18 11,1003.6 ,30.2 ,41 ,2.2 ,360 ,0.0 
2019/10/18 12,1002.8 ,31.4 ,42 ,1.7 ,359 ,0.0 
2019/10/18 13,1002.2 ,32.0 ,43 ,2.0 ,332 ,0.0 
2019/10/18 14,1001.7 ,31.1 ,46 ,2.5 ,3 ,0.0 
2019/10/18 15,1001.6 ,29.8 ,50 ,2.6 ,5 ,0.0 
2019/10/18 16,1001.9 ,27.5 ,59 ,3.1 ,356 ,0.0 
2019/10/18 17,1002.1 ,25.2 ,66 ,2.6 ,353 ,0.0 
2019/10/18 18,1002.2 ,23.7 ,69 ,3.2 ,353 ,0.0 
2019/10/18 19,1002.7 ,22.8 ,72 ,2.0 ,344 ,0.0 
2019/10/18 20,1003.3 ,22.2 ,74 ,2.6 ,351 ,0.0 
2019/10/18 21,1003.5 ,21.6 ,75 ,1.9 ,349 ,0.0 
2019/10/18 22,1003.5 ,21.1 ,74 ,1.8 ,348 ,0.0 
2019/10/18 23,1003.5 ,20.4 ,78 ,1.1 ,338 ,0.0 
2019/10/18 24,1003.4 ,20.4 ,76 ,1.2 ,328 ,0.0 
2019/10/19 01,1003.3 ,20.0 ,77 ,1.1 ,314 ,0.0 
2019/10/19 02,1003.0 ,19.4 ,83 ,0.8 ,279 ,X 
2019/10/19 03,1003.0 ,19.4 ,84 ,1.0 ,290 ,0.0 
2019/10/19 04,1003.0 ,20.4 ,82 ,1.4 ,341 ,0.0 
2019/10/19 05,1003.4 ,21.4 ,80 ,2.0 ,356 ,0.0 
2019/10/19 06,1003.8 ,21.8 ,80 ,1.8 ,356 ,0.0 
2019/10/19 07,1004.5 ,22.1 ,82 ,1.9 ,360 ,0.0 
2019/10/19 08,1005.1 ,22.7 ,80 ,1.9 ,2 ,0.0 
2019/10/19 09,1005.3 ,24.2 ,75 ,1.7 ,12 ,0.0 
2019/10/19 10,1005.2 ,26.4 ,67 ,1.2 ,12 ,0.0 
2019/10/19 11,1004.4 ,28.9 ,58 ,1.8 ,8 ,0.0 
2019/10/19 12,1003.7 ,29.5 ,55 ,2.1 ,357 ,0.0 
2019/10/19 13,1002.9 ,29.9 ,54 ,3.4 ,356 ,0.0 
2019/10/19 14,1002.4 ,29.2 ,56 ,3.1 ,359 ,0.0 
2019/10/19 15,1002.4 ,28.0 ,60 ,3.2 ,353 ,0.0 
2019/10/19 16,1002.5 ,26.0 ,67 ,3.6 ,358 ,0.0 
2019/10/19 17,1002.8 ,24.2 ,74 ,2.1 ,351 ,0.0 
2019/10/19 18,1003.1 ,23.0 ,79 ,2.0 ,348 ,0.0 
2019/10/19 19,1003.4 ,22.5 ,81 ,2.2 ,354 ,0.0 
2019/10/19 20,1003.8 ,22.0 ,83 ,2.0 ,346 ,0.0 
2019/10/19 21,1004.0 ,21.6 ,85 ,1.9 ,353 ,0.0 
2019/10/19 22,1003.7 ,21.1 ,88 ,1.1 ,336 ,0.0 
2019/10/19 23,1003.7 ,20.7 ,89 ,1.1 ,333 ,0.0 
2019/10/19 24,1003.7 ,20.6 ,88 ,1.3 ,344 ,0.0 
2019/10/20 01,1003.3 ,20.4 ,89 ,1.0 ,332 ,0.0 
2019/10/20 02,1003.0 ,20.8 ,87 ,0.7 ,335 ,0.0 
2019/10/20 03,1003.0 ,20.9 ,84 ,1.4 ,344 ,0.0 
2019/10/20 04,1002.6 ,20.7 ,83 ,1.4 ,343 ,0.0 
2019/10/20 05,1002.5 ,20.2 ,85 ,1.1 ,342 ,0.0 
2019/10/20 06,1003.1 ,20.0 ,84 ,1.5 ,344 ,0.0 
2019/10/20 07,1003.5 ,20.2 ,83 ,1.1 ,350 ,0.0 
2019/10/20 08,1004.0 ,23.0 ,72 ,1.8 ,4 ,0.0 
2019/10/20 09,1004.6 ,25.2 ,64 ,2.3 ,14 ,0.0 
2019/10/20 10,1004.4 ,27.1 ,56 ,2.1 ,5 ,0.0 
2019/10/20 11,1003.8 ,28.1 ,53 ,2.1 ,16 ,0.0 
2019/10/20 12,1002.7 ,29.6 ,48 ,2.6 ,348 ,0.0 
2019/10/20 13,1002.0 ,29.4 ,48 ,2.8 ,355 ,0.0 
2019/10/20 14,1001.3 ,29.3 ,48 ,3.1 ,5 ,X 
2019/10/20 15,1001.0 ,28.1 ,52 ,3.1 ,355 ,0.0 
2019/10/20 16,1001.2 ,26.4 ,58 ,2.9 ,360 ,0.0 
2019/10/20 17,1001.2 ,24.5 ,65 ,1.9 ,350 ,0.0 
2019/10/20 18,1001.3 ,23.1 ,69 ,2.3 ,346 ,0.0 
2019/10/20 19,1001.8 ,22.9 ,71 ,2.0 ,351 ,0.0 
2019/10/20 20,1002.1 ,22.2 ,76 ,2.0 ,354 ,0.0 
2019/10/20 21,1002.4 ,22.0 ,78 ,1.7 ,349 ,0.0 
2019/10/20 22,1002.4 ,21.4 ,82 ,1.2 ,329 ,0.0 
2019/10/20 23,1002.5 ,21.3 ,83 ,1.1 ,331 ,0.0 
2019/10/20 24,1002.1 ,20.8 ,85 ,0.8 ,313 ,0.0 
2019/10/21 01,1001.5 ,20.4 ,88 ,0.7 ,327 ,0.0 
2019/10/21 02,1001.0 ,20.1 ,88 ,0.9 ,317 ,0.0 
2019/10/21 03,1000.9 ,20.5 ,88 ,1.1 ,332 ,0.0 
2019/10/21 04,1001.0 ,21.0 ,86 ,0.4 ,332 ,0.0 
2019/10/21 05,1001.0 ,21.0 ,87 ,0.8 ,352 ,0.0 
2019/10/21 06,1001.2 ,21.0 ,87 ,1.1 ,342 ,0.0 
2019/10/21 07,1001.7 ,21.6 ,85 ,1.0 ,342 ,0.0 
2019/10/21 08,1002.3 ,24.4 ,74 ,1.3 ,350 ,0.0 
2019/10/21 09,1002.4 ,24.5 ,72 ,1.9 ,356 ,0.0 
2019/10/21 10,1002.1 ,27.0 ,61 ,1.8 ,21 ,0.0 
2019/10/21 11,1001.2 ,29.3 ,55 ,1.7 ,5 ,0.0 
2019/10/21 12,1000.3 ,29.5 ,54 ,2.2 ,9 ,0.0 
2019/10/21 13,999.4 ,28.9 ,55 ,2.1 ,28 ,0.0 
2019/10/21 14,999.0 ,28.6 ,55 ,2.1 ,341 ,0.0 
2019/10/21 15,998.9 ,28.3 ,55 ,2.9 ,1 ,0.0 
2019/10/21 16,999.0 ,26.4 ,61 ,2.8 ,2 ,0.0 
2019/10/21 17,999.2 ,24.4 ,66 ,1.9 ,341 ,X 
2019/10/21 18,999.8 ,23.2 ,69 ,2.0 ,341 ,0.0 
2019/10/21 19,999.9 ,22.3 ,73 ,1.0 ,327 ,0.0 
2019/10/21 20,1000.4 ,21.5 ,77 ,1.0 ,325 ,0.0 
2019/10/21 21,1000.9 ,20.8 ,81 ,0.9 ,273 ,0.0 
2019/10/21 22,1000.9 ,19.7 ,87 ,1.7 ,271 ,0.0 
2019/10/21 23,1000.7 ,19.5 ,88 ,1.2 ,273 ,0.0 
2019/10/21 24,1000.2 ,19.2 ,89 ,1.6 ,270 ,0.0 
2019/10/22 01,999.7 ,18.9 ,91 ,1.1 ,267 ,0.0 
2019/10/22 02,999.3 ,18.4 ,94 ,0.9 ,275 ,0.0 
2019/10/22 03,999.3 ,18.7 ,96 ,1.0 ,266 ,0.0 
2019/10/22 04,999.3 ,18.9 ,97 ,1.1 ,263 ,0.0 
2019/10/22 05,999.4 ,19.3 ,95 ,1.6 ,270 ,0.0 
2019/10/22 06,999.6 ,18.9 ,97 ,0.4 ,268 ,0.0 
2019/10/22 07,1000.1 ,20.6 ,93 ,0.0 ,0 ,0.0 
2019/10/22 08,1000.6 ,24.5 ,74 ,1.0 ,36 ,0.0 
2019/10/22 09,1001.0 ,26.1 ,66 ,0.8 ,68 ,0.0 
2019/10/22 10,1000.5 ,28.8 ,52 ,1.2 ,352 ,X 
2019/10/22 11,999.8 ,30.0 ,45 ,0.8 ,252 ,0.0 
2019/10/22 12,999.0 ,31.3 ,45 ,1.1 ,280 ,0.0 
2019/10/22 13,/ ,/ ,/ ,/ ,/ ,0.0 
2019/10/22 14,997.7 ,30.7 ,49 ,1.7 ,347 ,0.0 
2019/10/22 15,997.5 ,29.6 ,52 ,1.5 ,329 ,0.0 
2019/10/22 16,997.8 ,27.6 ,57 ,1.8 ,329 ,0.0 
2019/10/22 17,997.9 ,25.8 ,63 ,1.0 ,329 ,0.0 
2019/10/22 18,998.0 ,24.2 ,69 ,1.1 ,318 ,0.0 
2019/10/22 19,998.7 ,22.9 ,77 ,1.0 ,295 ,X 
2019/10/22 20,999.4 ,22.4 ,80 ,1.2 ,271 ,0.0 
2019/10/22 21,999.9 ,21.6 ,84 ,1.4 ,260 ,0.0 
2019/10/22 22,999.9 ,21.0 ,86 ,1.4 ,270 ,0.0 
2019/10/22 23,999.6 ,20.7 ,88 ,1.2 ,270 ,0.0 
2019/10/22 24,999.3 ,20.0 ,92 ,0.8 ,269 ,0.0 
2019/10/23 01,998.9 ,19.6 ,95 ,0.9 ,270 ,0.0 
2019/10/23 02,998.7 ,19.7 ,94 ,1.4 ,255 ,0.0 
2019/10/23 03,998.4 ,19.8 ,95 ,0.9 ,249 ,0.0 
2019/10/23 04,998.4 ,20.0 ,94 ,0.7 ,172 ,0.0 
2019/10/23 05,998.4 ,20.1 ,93 ,1.1 ,209 ,0.0 
2019/10/23 06,999.0 ,19.9 ,95 ,0.8 ,230 ,0.0 
2019/10/23 07,999.7 ,21.9 ,87 ,0.2 ,0 ,0.0 
2019/10/23 08,1000.2 ,24.9 ,74 ,0.8 ,70 ,0.0 
2019/10/23 09,1000.8 ,26.5 ,69 ,1.3 ,85 ,0.0 
2019/10/23 10,1000.8 ,29.2 ,55 ,1.5 ,29 ,0.0 
2019/10/23 11,1000.4 ,30.3 ,49 ,1.1 ,325 ,0.0 
2019/10/23 12,999.6 ,30.6 ,52 ,2.1 ,345 ,0.0 
2019/10/23 13,999.0 ,31.3 ,49 ,1.8 ,325 ,0.0 
2019/10/23 14,998.6 ,31.4 ,48 ,2.2 ,338 ,0.0 
2019/10/23 15,998.6 ,29.9 ,53 ,2.6 ,332 ,0.0 
2019/10/23 16,999.0 ,27.7 ,59 ,2.3 ,354 ,0.0 
2019/10/23 17,999.7 ,25.5 ,67 ,3.0 ,358 ,0.0 
2019/10/23 18,1000.1 ,23.7 ,76 ,1.7 ,343 ,0.0 
2019/10/23 19,1000.7 ,23.0 ,81 ,1.1 ,328 ,0.0 
2019/10/23 20,1001.3 ,22.4 ,82 ,1.2 ,334 ,0.0 
2019/10/23 21,1001.5 ,21.8 ,85 ,1.0 ,315 ,0.0 
2019/10/23 22,1001.6 ,21.3 ,87 ,0.9 ,283 ,0.0 
2019/10/23 23,1001.4 ,20.9 ,89 ,0.6 ,278 ,0.0 
2019/10/23 24,1001.3 ,20.5 ,91 ,1.2 ,268 ,0.0 
2019/10/24 01,1000.9 ,20.0 ,93 ,1.1 ,262 ,0.0 
2019/10/24 02,1000.8 ,20.0 ,93 ,1.0 ,263 ,0.0 
2019/10/24 03,1000.5 ,19.7 ,95 ,0.2 ,0 ,0.0 
2019/10/24 04,1000.7 ,19.8 ,97 ,0.5 ,268 ,X 
2019/10/24 05,1000.9 ,20.3 ,96 ,0.6 ,272 ,0.0 
2019/10/24 06,1001.6 ,20.3 ,94 ,0.3 ,260 ,0.0 
2019/10/24 07,1002.2 ,20.9 ,94 ,0.4 ,287 ,0.0 
2019/10/24 08,1002.8 ,22.9 ,83 ,0.7 ,17 ,0.0 
2019/10/24 09,1003.1 ,25.6 ,71 ,1.8 ,46 ,0.0 
2019/10/24 10,1003.0 ,28.3 ,57 ,1.1 ,66 ,0.0 
2019/10/24 11,1002.5 ,30.7 ,49 ,2.1 ,357 ,0.0 
2019/10/24 12,1001.8 ,30.6 ,50 ,1.7 ,14 ,0.0 
2019/10/24 13,1001.4 ,31.3 ,47 ,1.4 ,19 ,0.0 
2019/10/24 14,1001.1 ,31.2 ,47 ,2.2 ,5 ,0.0 
2019/10/24 15,1001.1 ,29.4 ,51 ,3.1 ,4 ,0.0 
2019/10/24 16,1001.3 ,28.2 ,57 ,2.3 ,356 ,0.0 
2019/10/24 17,1001.7 ,26.1 ,66 ,2.1 ,356 ,0.0 
2019/10/24 18,1001.7 ,24.2 ,74 ,1.2 ,334 ,0.0 
2019/10/24 19,1002.3 ,23.3 ,81 ,1.1 ,331 ,0.0 
2019/10/24 20,1003.1 ,22.5 ,83 ,1.0 ,335 ,0.0 
2019/10/24 21,1003.2 ,22.1 ,84 ,0.9 ,293 ,0.0 
2019/10/24 22,1003.5 ,21.5 ,86 ,0.9 ,309 ,0.0 
2019/10/24 23,1003.9 ,21.0 ,87 ,0.9 ,307 ,0.0 
2019/10/24 24,1003.5 ,20.7 ,89 ,0.7 ,280 ,0.0 
2019/10/25 01,1002.9 ,20.1 ,92 ,1.1 ,268 ,0.0 
2019/10/25 02,1002.8 ,19.9 ,92 ,1.1 ,273 ,0.0 
2019/10/25 03,1002.8 ,19.8 ,93 ,1.8 ,275 ,0.0 
2019/10/25 04,1002.8 ,19.5 ,95 ,1.1 ,265 ,0.0 
2019/10/25 05,1003.1 ,19.9 ,96 ,0.8 ,289 ,0.0 
2019/10/25 06,1004.0 ,20.2 ,97 ,0.4 ,264 ,0.0 
2019/10/25 07,1004.4 ,21.1 ,95 ,0.6 ,200 ,0.0 
2019/10/25 08,1004.9 ,24.4 ,78 ,0.8 ,105 ,0.0 
2019/10/25 09,1005.2 ,25.6 ,74 ,0.7 ,80 ,0.0 
2019/10/25 10,1005.1 ,28.5 ,66 ,1.4 ,18 ,0.0 
2019/10/25 11,1004.6 ,29.2 ,57 ,1.9 ,281 ,0.0 
2019/10/25 12,1003.8 ,30.3 ,52 ,1.6 ,304 ,0.0 
2019/10/25 13,1003.2 ,30.7 ,50 ,1.5 ,344 ,0.0 
2019/10/25 14,1002.5 ,31.5 ,47 ,1.4 ,329 ,0.0 
2019/10/25 15,1002.2 ,31.0 ,50 ,1.8 ,318 ,0.0 
2019/10/25 16,1002.4 ,28.4 ,57 ,2.1 ,316 ,0.0 
2019/10/25 17,1002.8 ,25.6 ,67 ,1.2 ,322 ,0.0 
2019/10/25 18,1003.2 ,23.9 ,74 ,1.3 ,326 ,0.0 
2019/10/25 19,1003.8 ,23.3 ,76 ,1.2 ,325 ,0.0 
2019/10/25 20,1004.7 ,22.8 ,78 ,1.2 ,293 ,0.0 
2019/10/25 21,1005.0 ,22.0 ,84 ,0.6 ,221 ,0.0 
2019/10/25 22,1005.1 ,22.3 ,82 ,1.4 ,270 ,0.0 
2019/10/25 23,1005.0 ,21.9 ,86 ,0.6 ,275 ,0.0 
2019/10/25 24,1004.8 ,21.3 ,86 ,1.1 ,284 ,0.0 
2019/10/26 01,1004.5 ,20.7 ,87 ,0.6 ,329 ,0.0 
2019/10/26 02,1003.7 ,20.0 ,89 ,1.8 ,274 ,0.0 
2019/10/26 03,1003.0 ,19.5 ,92 ,0.8 ,232 ,0.0 
2019/10/26 04,1002.9 ,19.8 ,93 ,1.0 ,262 ,0.0 
2019/10/26 05,1003.6 ,19.5 ,95 ,0.4 ,318 ,0.0 
2019/10/26 06,1004.4 ,19.2 ,97 ,1.0 ,218 ,0.0 
2019/10/26 07,1005.0 ,20.2 ,95 ,1.1 ,202 ,0.0 
2019/10/26 08,1005.3 ,22.4 ,88 ,0.6 ,127 ,0.0 
2019/10/26 09,1005.3 ,25.8 ,76 ,1.1 ,146 ,0.0 
2019/10/26 10,1005.3 ,28.2 ,60 ,0.7 ,243 ,0.0 
2019/10/26 11,1004.8 ,27.8 ,63 ,1.4 ,294 ,0.0 
2019/10/26 12,1004.0 ,29.9 ,55 ,1.7 ,253 ,0.0 
2019/10/26 13,1003.3 ,30.7 ,52 ,1.1 ,260 ,0.0 
2019/10/26 14,1002.6 ,30.9 ,51 ,1.4 ,326 ,0.0 
2019/10/26 15,1002.4 ,29.0 ,59 ,2.1 ,335 ,0.0 
2019/10/26 16,1002.5 ,27.0 ,64 ,1.7 ,355 ,0.0 
2019/10/26 17,1002.5 ,25.6 ,69 ,1.2 ,310 ,0.0 
2019/10/26 18,1003.0 ,23.6 ,76 ,0.8 ,329 ,X 
2019/10/26 19,1003.3 ,22.8 ,78 ,1.1 ,326 ,0.0 
2019/10/26 20,1003.9 ,22.2 ,80 ,1.1 ,326 ,0.0 
2019/10/26 21,1004.4 ,21.9 ,79 ,1.3 ,339 ,0.0 
2019/10/26 22,1004.4 ,21.4 ,83 ,1.7 ,273 ,0.0 
2019/10/26 23,1004.0 ,20.4 ,88 ,1.2 ,260 ,0.0 
2019/10/26 24,1003.5 ,20.1 ,91 ,1.0 ,215 ,0.0 
2019/10/27 01,1003.0 ,19.7 ,93 ,0.3 ,257 ,0.0 
2019/10/27 02,1002.6 ,19.6 ,94 ,0.9 ,266 ,0.0 
2019/10/27 03,1002.7 ,19.4 ,94 ,1.7 ,268 ,0.0 
2019/10/27 04,1002.8 ,19.3 ,95 ,1.5 ,271 ,0.0 
2019/10/27 05,1002.8 ,19.3 ,95 ,1.8 ,273 ,0.0 
2019/10/27 06,1002.9 ,19.3 ,96 ,1.0 ,221 ,0.0 
2019/10/27 07,1003.2 ,21.1 ,92 ,0.7 ,134 ,0.0 
2019/10/27 08,1004.0 ,24.2 ,78 ,1.1 ,360 ,0.0 
2019/10/27 09,1004.1 ,26.3 ,70 ,1.6 ,14 ,0.0 
2019/10/27 10,1003.7 ,28.0 ,64 ,0.9 ,328 ,0.0 
2019/10/27 11,1002.7 ,29.6 ,57 ,1.3 ,300 ,0.0 
2019/10/27 12,1001.6 ,29.5 ,56 ,1.0 ,7 ,0.0 
2019/10/27 13,1000.8 ,29.1 ,56 ,1.2 ,59 ,0.0 
2019/10/27 14,1000.2 ,29.9 ,57 ,1.7 ,338 ,0.0 
2019/10/27 15,1000.0 ,28.2 ,62 ,2.0 ,345 ,0.0 
2019/10/27 16,1000.4 ,26.2 ,70 ,2.9 ,357 ,0.0 
2019/10/27 17,1000.6 ,24.6 ,79 ,2.1 ,355 ,0.0 
2019/10/27 18,1000.9 ,23.3 ,86 ,1.3 ,342 ,0.0 
2019/10/27 19,1001.4 ,22.8 ,89 ,1.3 ,337 ,0.0 
2019/10/27 20,1001.9 ,22.1 ,92 ,1.1 ,284 ,0.0 
2019/10/27 21,1001.9 ,21.6 ,94 ,1.3 ,271 ,0.0 
2019/10/27 22,1002.1 ,21.0 ,95 ,0.4 ,254 ,0.0 
2019/10/27 23,1002.1 ,20.8 ,96 ,0.8 ,250 ,0.0 
2019/10/27 24,1001.9 ,20.6 ,97 ,1.0 ,265 ,0.0 
2019/10/28 01,1001.8 ,20.2 ,98 ,0.9 ,217 ,0.0 
2019/10/28 02,1001.6 ,20.4 ,99 ,1.3 ,272 ,0.0 
2019/10/28 03,1001.2 ,20.0 ,99 ,0.8 ,185 ,0.0 
2019/10/28 04,1001.2 ,20.1 ,99 ,0.5 ,311 ,0.0 
2019/10/28 05,1002.0 ,20.8 ,99 ,0.6 ,58 ,0.0 
2019/10/28 06,1002.5 ,20.7 ,99 ,0.6 ,164 ,0.0 
2019/10/28 07,1002.8 ,21.3 ,99 ,0.9 ,173 ,0.0 
2019/10/28 08,1002.8 ,24.0 ,86 ,1.5 ,127 ,0.0 
2019/10/28 09,1002.6 ,26.2 ,77 ,1.2 ,133 ,0.0 
2019/10/28 10,1002.3 ,28.7 ,63 ,1.8 ,63 ,0.0 
2019/10/28 11,1001.6 ,29.9 ,59 ,2.1 ,14 ,0.0 
2019/10/28 12,1000.8 ,30.6 ,59 ,1.6 ,339 ,0.0 
2019/10/28 13,1000.2 ,29.8 ,62 ,2.5 ,325 ,0.0 
2019/10/28 14,1000.1 ,29.0 ,64 ,2.2 ,348 ,0.0 
2019/10/28 15,1000.3 ,28.0 ,66 ,2.6 ,14 ,0.0 
2019/10/28 16,1000.5 ,26.1 ,73 ,2.8 ,7 ,0.0 
2019/10/28 17,1000.5 ,24.8 ,80 ,1.4 ,354 ,0.0 
2019/10/28 18,1001.0 ,23.3 ,87 ,1.4 ,343 ,0.0 
2019/10/28 19,1001.6 ,22.6 ,88 ,2.1 ,349 ,X 
2019/10/28 20,1001.9 ,22.6 ,88 ,1.4 ,351 ,0.0 
2019/10/28 21,1002.2 ,22.3 ,90 ,1.2 ,338 ,0.0 
2019/10/28 22,1002.3 ,21.5 ,93 ,0.8 ,336 ,0.0 
2019/10/28 23,1002.0 ,21.1 ,95 ,1.0 ,332 ,0.0 
2019/10/28 24,1001.8 ,21.0 ,95 ,1.1 ,335 ,0.0 
2019/10/29 01,1001.3 ,20.8 ,95 ,1.0 ,329 ,0.0 
2019/10/29 02,1000.9 ,20.3 ,97 ,0.7 ,333 ,0.0 
2019/10/29 03,1000.9 ,20.5 ,97 ,1.6 ,350 ,0.0 
2019/10/29 04,/ ,/ ,/ ,/ ,/ ,0.0 
2019/10/29 05,1001.0 ,20.4 ,96 ,1.4 ,350 ,0.0 
2019/10/29 06,1001.6 ,19.8 ,97 ,0.7 ,197 ,0.0 
2019/10/29 07,1002.2 ,20.8 ,97 ,0.6 ,309 ,0.0 
2019/10/29 08,1002.8 ,24.3 ,79 ,1.2 ,21 ,0.0 
2019/10/29 09,1003.0 ,23.7 ,82 ,2.4 ,352 ,0.0 
2019/10/29 10,1002.5 ,25.0 ,76 ,2.9 ,4 ,0.0 
2019/10/29 11,1002.1 ,25.9 ,72 ,2.7 ,358 ,0.0 
2019/10/29 12,1001.7 ,26.7 ,69 ,2.5 ,357 ,0.0 
2019/10/29 13,1001.1 ,26.9 ,67 ,3.1 ,357 ,0.0 
2019/10/29 14,1001.0 ,26.6 ,66 ,2.7 ,358 ,0.0 
2019/10/29 15,1001.3 ,25.6 ,69 ,2.7 ,7 ,0.0 
2019/10/29 16,1001.4 ,24.2 ,74 ,2.6 ,351 ,0.0 
2019/10/29 17,1001.6 ,22.3 ,80 ,2.0 ,352 ,X 
2019/10/29 18,1001.9 ,21.3 ,85 ,2.3 ,347 ,0.0 
2019/10/29 19,/ ,/ ,/ ,/ ,/ ,0.0 
2019/10/29 20,1002.8 ,21.4 ,85 ,1.8 ,345 ,0.0 
2019/10/29 21,1003.1 ,21.4 ,86 ,1.8 ,352 ,0.0 
2019/10/29 22,1003.3 ,21.3 ,87 ,1.1 ,343 ,0.0 
2019/10/29 23,1003.2 ,21.0 ,88 ,1.3 ,346 ,0.0 
2019/10/29 24,1002.9 ,20.9 ,90 ,1.3 ,339 ,0.0 
2019/10/30 01,1002.6 ,21.1 ,90 ,1.3 ,344 ,0.0 
2019/10/30 02,1002.2 ,21.0 ,90 ,1.5 ,347 ,0.0 
2019/10/30 03,1001.8 ,21.2 ,90 ,1.4 ,348 ,0.0 
2019/10/30 04,1001.6 ,21.2 ,90 ,1.2 ,353 ,0.0 
2019/10/30 05,1001.6 ,21.3 ,90 ,1.1 ,351 ,0.0 
2019/10/30 06,1002.2 ,21.2 ,89 ,1.5 ,348 ,0.0 
2019/10/30 07,1002.8 ,22.6 ,83 ,1.6 ,1 ,0.0 
2019/10/30 08,1003.3 ,24.7 ,75 ,1.4 ,354 ,0.0 
2019/10/30 09,1003.4 ,26.6 ,68 ,1.6 ,7 ,0.0 
2019/10/30 10,1003.3 ,28.1 ,62 ,1.6 ,343 ,0.0 
2019/10/30 11,1003.0 ,29.5 ,56 ,1.6 ,33 ,0.0 
2019/10/30 12,1002.3 ,30.5 ,52 ,1.9 ,4 ,0.0 
2019/10/30 13,1001.4 ,30.9 ,52 ,2.1 ,30 ,0.0 
2019/10/30 14,1001.3 ,30.9 ,53 ,2.7 ,323 ,0.0 
2019/10/30 15,1001.3 ,30.2 ,57 ,1.5 ,335 ,0.0 
2019/10/30 16,1001.5 ,28.0 ,64 ,2.3 ,356 ,0.0 
2019/10/30 17,1001.7 ,25.8 ,73 ,1.6 ,346 ,0.0 
2019/10/30 18,1001.9 ,24.2 ,80 ,1.9 ,350 ,0.0 
2019/10/30 19,1002.1 ,23.5 ,82 ,1.0 ,323 ,0.0 
2019/10/30 20,1002.8 ,22.9 ,85 ,0.8 ,305 ,0.0 
2019/10/30 21,1003.4 ,22.1 ,89 ,0.6 ,277 ,0.0 
2019/10/30 22,1003.4 ,21.7 ,91 ,0.6 ,261 ,0.0 
2019/10/30 23,1003.4 ,21.2 ,93 ,1.1 ,269 ,0.0 
2019/10/30 24,1002.8 ,21.3 ,93 ,0.9 ,272 ,0.0 
2019/10/31 01,1002.5 ,20.9 ,95 ,1.3 ,273 ,0.0 
2019/10/31 02,1002.2 ,20.8 ,95 ,1.2 ,271 ,0.0 
2019/10/31 03,1002.2 ,20.8 ,95 ,0.7 ,260 ,0.0 
2019/10/31 04,1002.1 ,20.7 ,96 ,0.9 ,278 ,0.0 
2019/10/31 05,1002.2 ,20.7 ,97 ,0.6 ,209 ,0.0 
2019/10/31 06,1002.3 ,20.5 ,98 ,1.1 ,256 ,0.0 
2019/10/31 07,1002.8 ,21.3 ,96 ,0.6 ,310 ,0.0 
2019/10/31 08,1003.4 ,23.5 ,87 ,1.2 ,9 ,0.0 
2019/10/31 09,1003.4 ,24.8 ,80 ,0.6 ,6 ,0.0 
2019/10/31 10,1003.5 ,28.5 ,68 ,0.8 ,5 ,0.0 
2019/10/31 11,1002.8 ,28.1 ,71 ,1.7 ,338 ,0.0 
2019/10/31 12,1002.2 ,30.3 ,61 ,1.6 ,339 ,0.0 
2019/10/31 13,1001.5 ,30.1 ,62 ,1.7 ,323 ,0.0 
2019/10/31 14,1001.0 ,30.7 ,61 ,1.6 ,351 ,0.0 
2019/10/31 15,1001.2 ,29.6 ,64 ,2.2 ,329 ,0.0 
2019/10/31 16,1001.3 ,28.0 ,71 ,2.0 ,338 ,0.0 
2019/10/31 17,1001.6 ,26.2 ,80 ,1.2 ,349 ,0.0 
2019/10/31 18,1002.0 ,24.6 ,87 ,0.9 ,327 ,0.0 
2019/10/31 19,1002.5 ,23.8 ,91 ,0.9 ,344 ,0.0 
2019/10/31 20,1002.6 ,23.3 ,93 ,0.7 ,328 ,0.0 
2019/10/31 21,1002.8 ,23.0 ,95 ,1.1 ,281 ,0.0 
2019/10/31 22,1002.9 ,22.6 ,96 ,0.7 ,290 ,0.0 
2019/10/31 23,1002.7 ,22.1 ,98 ,0.6 ,259 ,0.0 
2019/10/31 24,1002.2 ,22.2 ,97 ,1.3 ,270 ,0.0 
2019/11/01 01,1002.2 ,22.1 ,97 ,0.7 ,292 ,0.0 
2019/11/01 02,1002.1 ,22.7 ,97 ,0.4 ,260 ,0.0 
2019/11/01 03,1001.8 ,22.5 ,98 ,0.5 ,191 ,0.0 
2019/11/01 04,1001.6 ,22.5 ,98 ,0.3 ,293 ,0.0 
2019/11/01 05,1001.9 ,22.2 ,99 ,1.0 ,264 ,0.0 
2019/11/01 06,1002.4 ,22.0 ,99 ,1.3 ,261 ,0.0 
2019/11/01 07,1002.9 ,22.5 ,99 ,0.0 ,0 ,0.0 
2019/11/01 08,1003.5 ,24.8 ,91 ,0.7 ,352 ,0.0 
2019/11/01 09,1003.4 ,26.1 ,84 ,1.5 ,58 ,0.0 
2019/11/01 10,1003.4 ,27.9 ,77 ,0.7 ,360 ,0.0 
2019/11/01 11,1002.6 ,29.8 ,69 ,0.9 ,265 ,0.0 
2019/11/01 12,1001.6 ,30.8 ,62 ,1.1 ,318 ,0.0 
2019/11/01 13,1000.7 ,30.0 ,65 ,1.0 ,339 ,0.0 
2019/11/01 14,1000.1 ,31.0 ,61 ,1.5 ,346 ,0.0 
2019/11/01 15,1000.0 ,30.8 ,60 ,2.1 ,312 ,0.0 
2019/11/01 16,999.9 ,29.5 ,64 ,1.8 ,320 ,0.0 
2019/11/01 17,1000.0 ,27.0 ,73 ,0.9 ,330 ,0.0 
2019/11/01 18,1000.2 ,24.8 ,82 ,1.2 ,327 ,0.0 
2019/11/01 19,1000.5 ,24.2 ,81 ,1.5 ,339 ,0.0 
2019/11/01 20,1000.9 ,23.4 ,83 ,0.9 ,325 ,0.0 
2019/11/01 21,1001.2 ,22.7 ,87 ,1.0 ,253 ,0.0 
2019/11/01 22,1001.3 ,22.3 ,89 ,1.4 ,260 ,0.0 
2019/11/01 23,1001.3 ,21.7 ,92 ,1.1 ,274 ,0.0 
2019/11/01 24,1001.2 ,21.3 ,94 ,1.2 ,270 ,0.0 
2019/11/02 01,1000.9 ,21.1 ,93 ,1.1 ,263 ,0.0 
2019/11/02 02,1000.5 ,20.9 ,94 ,1.1 ,266 ,0.0 
2019/11/02 03,1000.3 ,20.8 ,94 ,1.5 ,275 ,0.0 
2019/11/02 04,1000.4 ,20.7 ,94 ,1.7 ,275 ,0.0 
2019/11/02 05,1000.6 ,20.6 ,97 ,0.7 ,275 ,0.0 
2019/11/02 06,1001.0 ,20.7 ,98 ,0.8 ,272 ,0.0 
2019/11/02 07,1001.5 ,21.5 ,98 ,0.0 ,0 ,0.0 
2019/11/02 08,1001.7 ,23.3 ,88 ,0.0 ,0 ,0.0 
2019/11/02 09,1001.8 ,25.8 ,79 ,1.0 ,1 ,0.0 
2019/11/02 10,1001.6 ,27.2 ,75 ,1.6 ,10 ,0.0 
2019/11/02 11,1000.8 ,28.8 ,68 ,0.9 ,52 ,0.0 
2019/11/02 12,1000.1 ,30.2 ,63 ,1.2 ,351 ,0.0 
2019/11/02 13,999.4 ,30.9 ,57 ,1.4 ,333 ,X 
2019/11/02 14,998.8 ,30.9 ,57 ,1.7 ,299 ,0.0 
2019/11/02 15,998.8 ,30.9 ,59 ,1.9 ,316 ,0.0 
2019/11/02 16,999.1 ,28.5 ,67 ,1.2 ,324 ,0.0 
2019/11/02 17,999.4 ,26.1 ,77 ,1.3 ,311 ,0.0 
2019/11/02 18,999.7 ,24.3 ,85 ,1.2 ,326 ,0.0 
2019/11/02 19,1000.3 ,23.5 ,88 ,1.1 ,328 ,0.0 
2019/11/02 20,1000.7 ,23.0 ,89 ,0.9 ,330 ,0.0 
2019/11/02 21,1000.9 ,22.5 ,91 ,0.6 ,323 ,0.0 
2019/11/02 22,1001.0 ,22.3 ,92 ,1.3 ,274 ,0.0 
2019/11/02 23,1000.6 ,21.5 ,95 ,0.7 ,199 ,0.0 
2019/11/02 24,1000.2 ,21.5 ,95 ,0.7 ,287 ,0.0 
2019/11/03 01,999.6 ,21.5 ,95 ,1.0 ,277 ,0.0 
2019/11/03 02,999.2 ,21.6 ,95 ,0.9 ,270 ,0.0 
2019/11/03 03,999.1 ,21.3 ,96 ,1.0 ,270 ,0.0 
2019/11/03 04,999.1 ,21.3 ,96 ,1.1 ,273 ,0.0 
2019/11/03 05,999.6 ,21.7 ,97 ,0.7 ,281 ,0.0 
2019/11/03 06,1000.3 ,21.7 ,96 ,0.5 ,313 ,0.0 
2019/11/03 07,1001.2 ,21.9 ,95 ,0.5 ,329 ,0.0 
2019/11/03 08,1001.8 ,23.8 ,86 ,1.3 ,358 ,0.0 
2019/11/03 09,1002.2 ,24.6 ,82 ,1.1 ,5 ,0.0 
2019/11/03 10,1001.8 ,26.0 ,76 ,2.0 ,32 ,0.0 
2019/11/03 11,1000.9 ,28.4 ,68 ,1.3 ,10 ,0.0 
2019/11/03 12,/ ,/ ,/ ,/ ,/ ,0.0 
2019/11/03 13,999.4 ,30.2 ,59 ,2.5 ,360 ,X 
2019/11/03 14,999.1 ,29.8 ,60 ,2.2 ,360 ,0.0 
2019/11/03 15,999.2 ,28.5 ,64 ,2.7 ,4 ,0.0 
2019/11/03 16,999.3 ,26.1 ,73 ,3.3 ,356 ,0.0 
2019/11/03 17,999.5 ,24.6 ,79 ,2.9 ,351 ,0.0 
2019/11/03 18,999.9 ,23.3 ,85 ,3.5 ,356 ,0.0 
2019/11/03 19,1000.2 ,22.7 ,87 ,2.5 ,358 ,0.0 
2019/11/03 20,1000.3 ,22.4 ,87 ,2.1 ,353 ,0.0 
2019/11/03 21,1000.2 ,22.2 ,86 ,2.0 ,351 ,0.0 
2019/11/03 22,1000.3 ,22.2 ,85 ,1.8 ,358 ,0.0 
2019/11/03 23,1000.4 ,21.8 ,85 ,1.9 ,350 ,0.0 
2019/11/03 24,1000.0 ,21.8 ,85 ,1.7 ,356 ,0.0 
2019/11/04 01,999.8 ,21.8 ,84 ,2.1 ,354 ,0.0 
2019/11/04 02,999.4 ,21.9 ,84 ,1.7 ,4 ,0.0 
2019/11/04 03,999.0 ,22.0 ,83 ,1.8 ,358 ,0.0 
2019/11/04 04,998.8 ,21.5 ,83 ,1.9 ,350 ,0.0 
2019/11/04 05,999.0 ,21.6 ,82 ,1.9 ,357 ,0.0 
2019/11/04 06,999.6 ,21.4 ,82 ,2.1 ,355 ,0.0 
2019/11/04 07,1000.0 ,22.0 ,77 ,2.6 ,360 ,0.0 
2019/11/04 08,1000.7 ,23.5 ,69 ,2.6 ,12 ,0.0 
2019/11/04 09,1001.1 ,25.1 ,61 ,2.6 ,8 ,0.0 
2019/11/04 10,1001.1 ,27.0 ,55 ,3.1 ,6 ,0.0 
2019/11/04 11,1000.5 ,27.4 ,55 ,3.1 ,11 ,0.0 
2019/11/04 12,999.7 ,27.2 ,57 ,2.6 ,4 ,0.0 
2019/11/04 13,998.8 ,26.4 ,61 ,3.2 ,355 ,0.0 
2019/11/04 14,998.3 ,26.5 ,60 ,3.1 ,3 ,0.0 
2019/11/04 15,998.3 ,25.9 ,61 ,3.1 ,359 ,0.0 
2019/11/04 16,998.6 ,24.4 ,64 ,2.9 ,356 ,0.0 
2019/11/04 17,999.1 ,23.0 ,69 ,2.3 ,356 ,0.0 
2019/11/04 18,999.4 ,22.1 ,71 ,2.0 ,354 ,0.0 
2019/11/04 19,999.7 ,21.7 ,71 ,2.1 ,350 ,0.0 
2019/11/04 20,999.6 ,21.6 ,73 ,2.9 ,359 ,0.0 
2019/11/04 21,999.4 ,21.5 ,76 ,2.5 ,2 ,0.0 
2019/11/04 22,999.6 ,21.3 ,77 ,2.2 ,357 ,0.0 
2019/11/04 23,999.4 ,21.1 ,77 ,2.0 ,357 ,0.0 
2019/11/04 24,999.3 ,21.3 ,77 ,2.0 ,356 ,0.0 
2019/11/05 01,999.0 ,21.2 ,78 ,1.7 ,360 ,0.0 
2019/11/05 02,998.2 ,20.8 ,81 ,1.6 ,6 ,0.0 
2019/11/05 03,997.7 ,20.5 ,83 ,1.2 ,1 ,0.0 
2019/11/05 04,997.4 ,20.4 ,84 ,1.4 ,352 ,0.0 
2019/11/05 05,997.8 ,20.7 ,82 ,2.1 ,360 ,0.0 
2019/11/05 06,998.1 ,21.1 ,81 ,2.4 ,1 ,0.0 
2019/11/05 07,998.4 ,21.4 ,77 ,2.4 ,3 ,0.0 
2019/11/05 08,998.8 ,23.1 ,69 ,2.9 ,3 ,0.0 
2019/11/05 09,999.0 ,25.4 ,60 ,2.6 ,9 ,0.0 
2019/11/05 10,998.8 ,27.5 ,54 ,2.2 ,20 ,0.0 
2019/11/05 11,998.3 ,28.8 ,52 ,2.3 ,355 ,0.0 
2019/11/05 12,997.6 ,29.5 ,50 ,2.2 ,356 ,0.0 
2019/11/05 13,996.7 ,29.7 ,51 ,2.5 ,353 ,0.0 
2019/11/05 14,996.2 ,28.8 ,52 ,2.9 ,6 ,0.0 
2019/11/05 15,996.2 ,27.7 ,55 ,3.1 ,360 ,0.0 
2019/11/05 16,996.4 ,26.0 ,59 ,2.4 ,354 ,0.0 
2019/11/05 17,996.6 ,23.7 ,64 ,1.8 ,347 ,0.0 
2019/11/05 18,997.1 ,22.4 ,67 ,1.4 ,340 ,0.0 
2019/11/05 19,997.8 ,21.7 ,70 ,2.2 ,342 ,0.0 
2019/11/05 20,998.4 ,21.4 ,71 ,1.5 ,350 ,0.0 
2019/11/05 21,998.4 ,20.5 ,75 ,0.9 ,333 ,0.0 
2019/11/05 22,998.3 ,20.1 ,79 ,1.0 ,302 ,0.0 
2019/11/05 23,998.3 ,19.4 ,83 ,0.8 ,304 ,0.0 
2019/11/05 24,998.1 ,19.5 ,83 ,1.0 ,293 ,0.0 
2019/11/06 01,997.8 ,20.0 ,81 ,0.3 ,282 ,0.0 
2019/11/06 02,997.2 ,19.5 ,85 ,0.0 ,0 ,0.0 
2019/11/06 03,996.8 ,18.6 ,89 ,1.1 ,274 ,0.0 
2019/11/06 04,996.8 ,19.1 ,86 ,0.8 ,306 ,0.0 
2019/11/06 05,997.2 ,19.0 ,87 ,0.9 ,283 ,0.0 
2019/11/06 06,998.0 ,19.3 ,83 ,0.8 ,342 ,0.0 
2019/11/06 07,998.4 ,19.7 ,82 ,0.4 ,308 ,0.0 
2019/11/06 08,998.6 ,23.4 ,69 ,0.8 ,22 ,0.0 
2019/11/06 09,998.7 ,24.8 ,66 ,1.0 ,60 ,0.0 
2019/11/06 10,998.2 ,27.4 ,58 ,1.1 ,39 ,0.0 
2019/11/06 11,997.5 ,28.9 ,55 ,1.5 ,330 ,0.0 
2019/11/06 12,996.8 ,29.7 ,49 ,1.8 ,269 ,0.0 
2019/11/06 13,996.0 ,30.3 ,48 ,1.9 ,349 ,0.0 
2019/11/06 14,995.6 ,30.2 ,50 ,2.3 ,325 ,0.0 
2019/11/06 15,995.9 ,28.1 ,55 ,2.2 ,335 ,0.0 
2019/11/06 16,996.1 ,27.3 ,60 ,1.3 ,327 ,X 
2019/11/06 17,996.2 ,24.8 ,71 ,1.1 ,277 ,0.0 
2019/11/06 18,996.8 ,22.6 ,78 ,1.2 ,309 ,0.0 
2019/11/06 19,997.3 ,21.8 ,82 ,1.1 ,314 ,0.0 
2019/11/06 20,998.0 ,21.4 ,84 ,1.0 ,309 ,0.0 
2019/11/06 21,998.4 ,20.9 ,85 ,0.9 ,323 ,0.0 
2019/11/06 22,998.3 ,20.3 ,87 ,1.2 ,324 ,0.0 
2019/11/06 23,998.0 ,19.8 ,89 ,1.0 ,294 ,0.0 
2019/11/06 24,997.8 ,19.4 ,90 ,1.1 ,337 ,0.0 
2019/11/07 01,997.5 ,19.2 ,89 ,1.1 ,320 ,0.0 
2019/11/07 02,996.9 ,18.7 ,91 ,0.9 ,275 ,0.0 
2019/11/07 03,997.1 ,18.4 ,93 ,1.1 ,311 ,0.0 
2019/11/07 04,997.2 ,18.4 ,92 ,1.0 ,330 ,0.0 
2019/11/07 05,997.7 ,18.1 ,93 ,1.2 ,287 ,0.0 
2019/11/07 06,/ ,/ ,/ ,/ ,/ ,0.0 
2019/11/07 07,999.4 ,18.8 ,91 ,0.7 ,314 ,0.0 
2019/11/07 08,999.7 ,22.2 ,77 ,0.7 ,113 ,0.0 
2019/11/07 09,1000.2 ,24.1 ,72 ,1.0 ,65 ,0.0 
2019/11/07 10,999.8 ,26.5 ,61 ,1.6 ,49 ,0.0 
2019/11/07 11,999.1 ,27.9 ,58 ,1.2 ,52 ,0.0 
2019/11/07 12,998.3 ,28.8 ,52 ,1.5 ,38 ,0.0 
2019/11/07 13,997.2 ,29.9 ,48 ,1.6 ,4 ,0.0 
2019/11/07 14,996.7 ,30.2 ,49 ,1.7 ,347 ,0.0 
2019/11/07 15,996.5 ,29.8 ,54 ,1.8 ,326 ,0.0 
2019/11/07 16,997.0 ,27.1 ,61 ,2.4 ,351 ,0.0 
2019/11/07 17,997.8 ,24.7 ,66 ,2.2 ,351 ,0.0 
2019/11/07 18,998.1 ,23.3 ,67 ,2.4 ,352 ,0.0 
2019/11/07 19,999.1 ,22.1 ,73 ,2.2 ,347 ,0.0 
2019/11/07 20,999.6 ,21.6 ,72 ,1.6 ,356 ,0.0 
2019/11/07 21,1000.0 ,21.0 ,75 ,1.6 ,338 ,0.0 
2019/11/07 22,1000.2 ,20.9 ,77 ,1.3 ,346 ,0.0 
2019/11/07 23,1000.0 ,20.4 ,79 ,1.4 ,343 ,0.0 
2019/11/07 24,999.8 ,20.0 ,80 ,1.4 ,345 ,0.0 
2019/11/08 01,999.6 ,19.9 ,79 ,1.9 ,348 ,0.0 
2019/11/08 02,999.5 ,19.7 ,78 ,1.5 ,344 ,0.0 
2019/11/08 03,999.9 ,19.8 ,76 ,1.5 ,348 ,0.0 
2019/11/08 04,999.9 ,19.5 ,77 ,1.9 ,354 ,0.0 
2019/11/08 05,1000.5 ,19.6 ,77 ,2.0 ,358 ,0.0 
2019/11/08 06,1001.5 ,19.3 ,79 ,1.6 ,2 ,0.0 
2019/11/08 07,1002.0 ,19.5 ,81 ,1.1 ,37 ,0.0 
2019/11/08 08,1002.2 ,22.8 ,71 ,0.5 ,83 ,0.0 
2019/11/08 09,1002.9 ,24.8 ,59 ,2.6 ,11 ,0.0 
2019/11/08 10,1002.9 ,26.9 ,52 ,2.7 ,5 ,0.0 
2019/11/08 11,1002.4 ,28.3 ,46 ,2.1 ,13 ,0.0 
2019/11/08 12,1001.7 ,28.7 ,45 ,2.7 ,3 ,0.0 
2019/11/08 13,1001.0 ,29.0 ,43 ,3.3 ,2 ,0.0 
2019/11/08 14,1000.4 ,28.3 ,44 ,3.4 ,359 ,0.0 
2019/11/08 15,999.9 ,27.2 ,45 ,2.8 ,360 ,0.0 
2019/11/08 16,1000.3 ,25.8 ,47 ,3.3 ,1 ,0.0 
2019/11/08 17,1000.9 ,23.6 ,54 ,2.5 ,356 ,0.0 
2019/11/08 18,1001.2 ,21.6 ,68 ,2.2 ,345 ,0.0 
2019/11/08 19,1001.8 ,20.8 ,71 ,1.6 ,347 ,0.0 
2019/11/08 20,/ ,/ ,/ ,/ ,/ ,0.0 
2019/11/08 21,1002.5 ,19.6 ,75 ,1.4 ,344 ,0.0 
2019/11/08 22,1002.9 ,19.3 ,79 ,1.8 ,348 ,0.0 
2019/11/08 23,1003.1 ,19.0 ,81 ,1.6 ,351 ,0.0 
2019/11/08 24,1003.1 ,18.4 ,85 ,1.1 ,352 ,0.0 
2019/11/09 01,1003.1 ,17.5 ,89 ,1.0 ,358 ,0.0 
2019/11/09 02,1003.2 ,18.7 ,84 ,0.9 ,32 ,0.0 
2019/11/09 03,1003.0 ,19.1 ,79 ,1.9 ,358 ,0.0 
2019/11/09 04,1003.0 ,19.1 ,79 ,2.3 ,3 ,0.0 
2019/11/09 05,1003.5 ,18.6 ,81 ,1.1 ,354 ,0.0 
2019/11/09 06,1004.0 ,17.0 ,89 ,0.6 ,345 ,0.0 
2019/11/09 07,1004.3 ,17.9 ,85 ,1.3 ,341 ,0.0 
2019/11/09 08,1004.8 ,20.9 ,69 ,2.3 ,2 ,0.0 
2019/11/09 09,1005.3 ,23.4 ,57 ,2.4 ,8 ,0.0 
2019/11/09 10,1005.0 ,25.3 ,50 ,2.0 ,3 ,0.0 
2019/11/09 11,1004.1 ,27.1 ,46 ,2.2 ,16 ,X 
2019/11/09 12,1003.2 ,27.5 ,46 ,2.9 ,360 ,0.0 
2019/11/09 13,1002.1 ,28.6 ,43 ,2.5 ,351 ,0.0 
2019/11/09 14,1001.1 ,27.6 ,44 ,2.4 ,2 ,0.0 
2019/11/09 15,1000.9 ,26.8 ,46 ,3.1 ,6 ,0.0 
2019/11/09 16,1000.8 ,24.8 ,52 ,2.9 ,354 ,0.0 
2019/11/09 17,1001.3 ,22.5 ,58 ,2.5 ,350 ,0.0 
2019/11/09 18,1001.6 ,20.9 ,63 ,2.5 ,352 ,0.0 
2019/11/09 19,1002.3 ,19.6 ,66 ,2.1 ,349 ,0.0 
2019/11/09 20,1002.9 ,18.7 ,69 ,1.8 ,342 ,0.0 
2019/11/09 21,1003.1 ,17.8 ,74 ,1.2 ,324 ,0.0 
2019/11/09 22,1002.7 ,17.1 ,80 ,0.9 ,290 ,0.0 
2019/11/09 23,1002.8 ,16.9 ,82 ,1.5 ,270 ,0.0 
2019/11/09 24,1002.6 ,16.4 ,86 ,1.2 ,266 ,0.0 
2019/11/10 01,1002.5 ,15.9 ,89 ,1.5 ,271 ,0.0 
2019/11/10 02,1002.5 ,15.5 ,91 ,0.8 ,265 ,0.0 
2019/11/10 03,1002.2 ,15.8 ,91 ,1.4 ,267 ,0.0 
2019/11/10 04,1002.3 ,15.8 ,93 ,1.4 ,274 ,0.0 
2019/11/10 05,1002.7 ,15.6 ,95 ,0.7 ,255 ,0.0 
2019/11/10 06,1003.2 ,16.5 ,93 ,0.9 ,229 ,0.0 
2019/11/10 07,1003.5 ,17.0 ,92 ,0.7 ,194 ,0.0 
2019/11/10 08,1003.7 ,20.5 ,78 ,1.1 ,145 ,0.0 
2019/11/10 09,1003.8 ,23.5 ,63 ,0.7 ,94 ,0.0 
2019/11/10 10,1003.7 ,25.9 ,57 ,2.0 ,41 ,0.0 
2019/11/10 11,1002.9 ,26.7 ,54 ,1.1 ,355 ,0.0 
2019/11/10 12,1001.8 ,28.4 ,49 ,1.1 ,302 ,0.0 
2019/11/10 13,1000.7 ,28.6 ,45 ,1.1 ,317 ,0.0 
2019/11/10 14,999.9 ,29.1 ,43 ,1.4 ,338 ,0.0 
2019/11/10 15,999.2 ,28.0 ,48 ,0.8 ,306 ,0.0 
2019/11/10 16,999.3 ,25.5 ,57 ,1.9 ,333 ,0.0 
2019/11/10 17,1000.0 ,22.2 ,69 ,2.5 ,359 ,0.0 
2019/11/10 18,1000.1 ,21.2 ,72 ,2.3 ,352 ,0.0 
2019/11/10 19,1000.5 ,20.1 ,75 ,1.8 ,349 ,0.0 
2019/11/10 20,1001.2 ,19.3 ,80 ,1.3 ,317 ,0.0 
2019/11/10 21,1001.6 ,19.2 ,82 ,1.6 ,273 ,0.0 
2019/11/10 22,1001.6 ,18.5 ,86 ,1.5 ,210 ,0.0 
2019/11/10 23,1001.5 ,18.0 ,89 ,0.6 ,185 ,0.0 
2019/11/10 24,1000.9 ,17.9 ,90 ,0.1 ,0 ,0.0 
2019/11/11 01,1000.9 ,17.1 ,94 ,0.7 ,243 ,0.0 
2019/11/11 02,1000.9 ,17.7 ,94 ,1.1 ,273 ,0.0 
2019/11/11 03,1000.9 ,18.3 ,92 ,0.6 ,258 ,0.0 
2019/11/11 04,1000.9 ,18.8 ,91 ,1.0 ,274 ,0.0 
2019/11/11 05,1000.9 ,18.2 ,94 ,0.8 ,249 ,0.0 
2019/11/11 06,1001.5 ,17.4 ,96 ,1.2 ,269 ,0.0 
2019/11/11 07,1001.9 ,17.6 ,96 ,0.3 ,218 ,0.0 
2019/11/11 08,1002.5 ,20.5 ,83 ,0.9 ,171 ,0.0 
2019/11/11 09,1002.8 ,23.4 ,68 ,0.8 ,115 ,0.0 
2019/11/11 10,1002.8 ,25.8 ,58 ,0.9 ,305 ,0.0 
2019/11/11 11,1002.4 ,26.8 ,51 ,1.1 ,272 ,0.0 
2019/11/11 12,1001.8 ,27.7 ,45 ,1.5 ,274 ,0.0 
2019/11/11 13,1000.9 ,28.6 ,43 ,1.4 ,224 ,0.0 
2019/11/11 14,1000.4 ,29.1 ,42 ,1.4 ,296 ,0.0 
2019/11/11 15,1000.4 ,27.8 ,48 ,2.2 ,319 ,0.0 
2019/11/11 16,1000.8 ,25.5 ,54 ,1.5 ,326 ,0.0 
2019/11/11 17,1001.3 ,23.1 ,63 ,1.4 ,311 ,0.0 
2019/11/11 18,1001.8 ,20.8 ,76 ,1.1 ,283 ,0.0 
2019/11/11 19,1002.2 ,20.4 ,77 ,1.5 ,271 ,0.0 
2019/11/11 20,1002.7 ,19.1 ,83 ,0.9 ,240 ,0.0 
2019/11/11 21,1003.0 ,18.9 ,84 ,1.6 ,272 ,0.0 
2019/11/11 22,1003.4 ,18.3 ,88 ,1.0 ,272 ,0.0 
2019/11/11 23,1003.5 ,18.0 ,89 ,0.8 ,231 ,0.0 
2019/11/11 24,1003.5 ,17.7 ,91 ,1.0 ,251 ,0.0 
2019/11/12 01,1003.2 ,17.4 ,93 ,0.9 ,210 ,0.0 
2019/11/12 02,1002.5 ,17.1 ,94 ,1.1 ,205 ,0.0 
2019/11/12 03,1002.3 ,17.1 ,94 ,1.0 ,221 ,0.0 
2019/11/12 04,1002.3 ,16.4 ,97 ,1.0 ,253 ,0.0 
2019/11/12 05,1002.8 ,16.7 ,95 ,0.8 ,239 ,0.0 
2019/11/12 06,1003.3 ,16.7 ,94 ,1.3 ,208 ,0.0 
2019/11/12 07,1004.1 ,17.3 ,92 ,1.3 ,209 ,0.0 
2019/11/12 08,1004.8 ,20.9 ,76 ,0.8 ,167 ,0.0 
2019/11/12 09,1005.1 ,23.8 ,61 ,1.3 ,128 ,0.0 
2019/11/12 10,1005.0 ,26.3 ,53 ,1.0 ,101 ,0.0 
2019/11/12 11,1004.5 ,28.6 ,42 ,1.9 ,249 ,0.0 
2019/11/12 12,1003.9 ,29.0 ,41 ,1.2 ,267 ,0.0 
2019/11/12 13,1002.8 ,29.6 ,40 ,1.0 ,347 ,0.0 
2019/11/12 14,1002.1 ,28.7 ,49 ,1.9 ,318 ,0.0 
2019/11/12 15,1001.9 ,28.0 ,50 ,1.7 ,331 ,0.0 
2019/11/12 16,1002.1 ,25.8 ,54 ,0.9 ,331 ,0.0 
2019/11/12 17,1002.2 ,23.7 ,59 ,1.7 ,306 ,0.0 
2019/11/12 18,1002.5 ,21.4 ,67 ,1.2 ,302 ,0.0 
2019/11/12 19,1003.0 ,20.7 ,72 ,1.2 ,281 ,0.0 
2019/11/12 20,1003.5 ,20.3 ,74 ,2.0 ,266 ,0.0 
2019/11/12 21,1004.0 ,18.8 ,84 ,0.4 ,213 ,0.0 
2019/11/12 22,1004.2 ,18.5 ,85 ,0.7 ,188 ,0.0 
2019/11/12 23,1004.4 ,18.7 ,85 ,1.2 ,209 ,0.0 
2019/11/12 24,1004.1 ,18.8 ,86 ,1.5 ,218 ,0.0 
2019/11/13 01,1004.1 ,18.4 ,89 ,1.0 ,214 ,0.0 
2019/11/13 02,1004.0 ,17.8 ,91 ,0.7 ,249 ,0.0 
2019/11/13 03,1003.9 ,17.4 ,93 ,0.9 ,203 ,0.0 
2019/11/13 04,1004.0 ,17.7 ,91 ,0.6 ,198 ,0.0 
2019/11/13 05,1004.3 ,17.5 ,91 ,1.0 ,237 ,0.0 
2019/11/13 06,1004.7 ,16.7 ,96 ,1.0 ,266 ,0.0 
2019/11/13 07,1005.3 ,17.2 ,95 ,0.6 ,250 ,0.0 
2019/11/13 08,1006.1 ,21.5 ,73 ,0.1 ,0 ,0.0 
2019/11/13 09,1006.8 ,23.2 ,65 ,1.0 ,143 ,0.0 
2019/11/13 10,1006.6 ,25.9 ,56 ,1.1 ,14 ,0.0 
2019/11/13 11,1006.1 ,27.3 ,53 ,1.0 ,75 ,0.0 
2019/11/13 12,1005.3 ,28.3 ,49 ,1.1 ,208 ,0.0 
2019/11/13 13,1004.1 ,28.5 ,50 ,1.5 ,27 ,0.0 
2019/11/13 14,1003.1 ,29.0 ,49 ,1.4 ,342 ,0.0 
2019/11/13 15,1002.8 ,27.2 ,55 ,2.3 ,343 ,0.0 
2019/11/13 16,1003.1 ,25.4 ,60 ,1.1 ,330 ,0.0 
2019/11/13 17,1003.4 ,23.3 ,68 ,1.2 ,329 ,0.0 
2019/11/13 18,1003.7 ,22.2 ,74 ,1.2 ,341 ,0.0 
2019/11/13 19,1004.4 ,21.6 ,78 ,1.0 ,308 ,0.0 
2019/11/13 20,1004.7 ,20.9 ,82 ,1.2 ,339 ,0.0 
2019/11/13 21,1004.6 ,20.6 ,84 ,0.8 ,324 ,0.0 
2019/11/13 22,/ ,/ ,/ ,/ ,/ ,0.0 
2019/11/13 23,1004.7 ,19.6 ,85 ,1.1 ,308 ,0.0 
2019/11/13 24,1004.3 ,19.3 ,81 ,1.2 ,333 ,0.0 
2019/11/14 01,1003.9 ,19.1 ,81 ,0.8 ,291 ,0.0 
2019/11/14 02,1003.4 ,17.4 ,89 ,0.0 ,0 ,0.0 
2019/11/14 03,1003.1 ,17.1 ,92 ,1.5 ,266 ,0.0 
2019/11/14 04,1003.2 ,17.4 ,94 ,0.9 ,324 ,0.0 
2019/11/14 05,1003.6 ,17.2 ,93 ,0.5 ,357 ,0.0 
2019/11/14 06,1004.2 ,16.7 ,95 ,0.0 ,0 ,0.0 
2019/11/14 07,1004.6 ,17.9 ,93 ,0.2 ,0 ,0.0 
2019/11/14 08,1005.0 ,19.9 ,85 ,0.9 ,23 ,0.0 
2019/11/14 09,1005.2 ,23.0 ,69 ,2.0 ,14 ,0.0 
2019/11/14 10,1005.3 ,24.7 ,57 ,2.5 ,4 ,0.0 
2019/11/14 11,1004.7 ,26.5 ,54 ,2.2 ,19 ,0.0 
2019/11/14 12,1003.6 ,26.9 ,51 ,3.1 ,6 ,0.0 
2019/11/14 13,1002.4 ,26.8 ,50 ,2.7 ,2 ,0.0 
2019/11/14 14,1001.7 ,26.2 ,51 ,2.9 ,356 ,0.0 
2019/11/14 15,1001.9 ,25.1 ,54 ,3.3 ,358 ,0.0 
2019/11/14 16,1002.0 ,23.0 ,60 ,2.5 ,350 ,0.0 
2019/11/14 17,1002.2 ,21.6 ,64 ,1.7 ,351 ,0.0 
2019/11/14 18,1002.3 ,20.7 ,65 ,2.9 ,354 ,0.0 
2019/11/14 19,1003.0 ,19.9 ,67 ,1.7 ,352 ,0.0 
2019/11/14 20,1003.1 ,18.7 ,73 ,1.2 ,328 ,0.0 
2019/11/14 21,1003.0 ,18.3 ,76 ,1.0 ,315 ,0.0 
2019/11/14 22,1003.3 ,17.0 ,85 ,0.7 ,267 ,0.0 
2019/11/14 23,1003.2 ,17.3 ,84 ,1.1 ,266 ,0.0 
2019/11/14 24,1003.3 ,18.1 ,80 ,1.0 ,309 ,0.0 
2019/11/15 01,1003.0 ,17.3 ,86 ,0.7 ,198 ,0.0 
2019/11/15 02,1002.6 ,16.3 ,90 ,0.3 ,251 ,0.0 
2019/11/15 03,1002.1 ,16.5 ,89 ,0.9 ,289 ,0.0 
2019/11/15 04,1001.8 ,16.6 ,89 ,0.7 ,283 ,0.0 
2019/11/15 05,1001.8 ,16.4 ,91 ,1.5 ,270 ,0.0 
2019/11/15 06,1002.6 ,16.9 ,91 ,0.6 ,260 ,0.0 
2019/11/15 07,1002.9 ,17.1 ,92 ,0.0 ,0 ,0.0 
2019/11/15 08,1003.4 ,20.0 ,81 ,0.7 ,78 ,0.0 
2019/11/15 09,1003.9 ,22.7 ,69 ,0.9 ,35 ,0.0 
2019/11/15 10,1003.8 ,25.3 ,62 ,0.8 ,33 ,0.0 
2019/11/15 11,1003.0 ,27.2 ,55 ,1.4 ,354 ,0.0 
2019/11/15 12,1002.2 ,28.3 ,52 ,1.4 ,277 ,0.0 
2019/11/15 13,1001.3 ,29.1 ,47 ,0.8 ,216 ,0.0 
2019/11/15 14,1001.0 ,28.5 ,50 ,2.0 ,351 ,0.0 
2019/11/15 15,1000.8 ,27.5 ,52 ,2.3 ,330 ,0.0 
2019/11/15 16,1001.2 ,24.5 ,61 ,1.6 ,323 ,0.0 
2019/11/15 17,1001.6 ,23.3 ,67 ,1.2 ,289 ,0.0 
2019/11/15 18,1001.8 ,21.3 ,77 ,1.1 ,277 ,0.0 
2019/11/15 19,1002.3 ,21.3 ,76 ,1.2 ,268 ,0.0 
2019/11/15 20,1002.7 ,20.2 ,80 ,1.1 ,274 ,0.0 
2019/11/15 21,1003.0 ,19.3 ,84 ,1.2 ,269 ,0.0 
2019/11/15 22,1002.9 ,19.0 ,85 ,1.3 ,274 ,0.0 
2019/11/15 23,1002.7 ,18.4 ,89 ,0.7 ,266 ,0.0 
2019/11/15 24,1002.4 ,18.3 ,92 ,0.2 ,0 ,0.0 
2019/11/16 01,1002.3 ,18.6 ,93 ,0.0 ,0 ,0.0 
2019/11/16 02,1001.6 ,18.5 ,93 ,0.9 ,225 ,0.0 
2019/11/16 03,1001.4 ,17.8 ,95 ,0.7 ,253 ,0.0 
2019/11/16 04,1001.6 ,17.5 ,97 ,0.9 ,280 ,0.0 
2019/11/16 05,1001.9 ,17.1 ,98 ,0.2 ,0 ,0.0 
2019/11/16 06,1002.5 ,17.0 ,99 ,0.7 ,240 ,0.0 
2019/11/16 07,1002.8 ,17.7 ,97 ,1.1 ,201 ,0.0 
2019/11/16 08,1003.4 ,21.0 ,80 ,0.7 ,168 ,0.0 
2019/11/16 09,1003.7 ,23.7 ,67 ,1.7 ,145 ,0.0 
2019/11/16 10,1003.6 ,26.0 ,58 ,0.9 ,231 ,0.0 
2019/11/16 11,1003.1 ,26.6 ,56 ,1.6 ,237 ,0.0 
2019/11/16 12,1002.6 ,28.2 ,52 ,2.0 ,253 ,0.0 
2019/11/16 13,1001.8 ,28.2 ,52 ,2.4 ,269 ,0.0 
2019/11/16 14,1001.1 ,27.7 ,54 ,2.1 ,256 ,0.0 
2019/11/16 15,1000.7 ,27.4 ,54 ,2.0 ,260 ,0.0 
2019/11/16 16,1000.9 ,25.5 ,64 ,1.2 ,311 ,0.0 
2019/11/16 17,1001.2 ,22.7 ,76 ,0.5 ,281 ,0.0 
2019/11/16 18,1001.5 ,20.4 ,87 ,0.6 ,286 ,0.0 
2019/11/16 19,1001.9 ,20.1 ,87 ,1.5 ,270 ,0.0 
2019/11/16 20,1002.3 ,19.5 ,90 ,1.4 ,276 ,0.0 
2019/11/16 21,1002.6 ,20.3 ,88 ,0.6 ,221 ,0.0 
2019/11/16 22,1002.8 ,20.1 ,90 ,0.3 ,219 ,0.0 
2019/11/16 23,1002.6 ,19.3 ,93 ,0.8 ,242 ,0.0 
2019/11/16 24,1002.4 ,19.6 ,93 ,1.2 ,252 ,0.0 
2019/11/17 01,1002.4 ,18.9 ,96 ,0.9 ,270 ,0.0 
2019/11/17 02,1002.5 ,18.0 ,98 ,0.0 ,0 ,0.0 
2019/11/17 03,1002.1 ,18.1 ,99 ,0.9 ,215 ,0.0 
2019/11/17 04,1001.9 ,18.1 ,97 ,1.2 ,210 ,0.0 
2019/11/17 05,1002.1 ,17.5 ,97 ,0.7 ,266 ,0.0 
2019/11/17 06,1002.7 ,17.1 ,99 ,0.8 ,258 ,0.0 
2019/11/17 07,1003.0 ,17.4 ,99 ,0.9 ,254 ,0.0 
2019/11/17 08,1003.4 ,21.0 ,80 ,1.0 ,151 ,0.0 
2019/11/17 09,1003.4 ,24.1 ,65 ,1.2 ,111 ,0.0 
2019/11/17 10,1003.0 ,26.5 ,57 ,0.7 ,32 ,0.0 
2019/11/17 11,1002.2 ,28.3 ,47 ,1.2 ,43 ,0.0 
2019/11/17 12,1001.1 ,30.0 ,46 ,1.7 ,351 ,0.0 
2019/11/17 13,1000.4 ,30.6 ,53 ,1.1 ,313 ,0.0 
2019/11/17 14,999.9 ,30.9 ,46 ,1.7 ,326 ,0.0 
2019/11/17 15,999.9 ,30.4 ,47 ,1.3 ,323 ,0.0 
2019/11/17 16,1000.0 ,28.3 ,54 ,1.3 ,316 ,0.0 
2019/11/17 17,1000.5 ,25.4 ,71 ,1.5 ,294 ,0.0 
2019/11/17 18,1001.3 ,23.5 ,79 ,1.2 ,294 ,0.0 
2019/11/17 19,1002.1 ,21.5 ,87 ,1.0 ,241 ,0.0 
2019/11/17 20,1002.5 ,21.3 ,88 ,1.3 ,269 ,0.0 
2019/11/17 21,/ ,/ ,/ ,/ ,/ ,0.0 
2019/11/17 22,1002.7 ,19.9 ,96 ,0.9 ,222 ,0.0 
2019/11/17 23,1002.7 ,19.3 ,97 ,1.1 ,271 ,0.0 
2019/11/17 24,1002.1 ,18.9 ,97 ,0.5 ,242 ,X 
2019/11/18 01,/ ,/ ,/ ,/ ,/ ,0.0 
2019/11/18 02,1000.8 ,18.0 ,97 ,0.6 ,270 ,0.0 
2019/11/18 03,1000.5 ,18.0 ,97 ,1.5 ,272 ,0.0 
2019/11/18 04,1000.3 ,17.4 ,97 ,1.5 ,275 ,X 
2019/11/18 05,1000.4 ,17.7 ,97 ,1.5 ,270 ,0.0 
2019/11/18 06,1000.9 ,17.5 ,97 ,1.5 ,273 ,0.0 
2019/11/18 07,1001.6 ,18.2 ,98 ,0.3 ,280 ,0.0 
2019/11/18 08,1002.2 ,21.8 ,82 ,0.3 ,75 ,0.0 
2019/11/18 09,1002.5 ,23.8 ,74 ,1.1 ,39 ,0.0 
2019/11/18 10,1002.0 ,26.7 ,70 ,2.2 ,11 ,0.0 
2019/11/18 11,1001.3 ,27.8 ,63 ,1.9 ,15 ,0.0 
2019/11/18 12,1000.3 ,28.9 ,52 ,1.3 ,73 ,0.0 
2019/11/18 13,999.4 ,29.8 ,46 ,1.1 ,84 ,0.0 
2019/11/18 14,999.2 ,28.8 ,58 ,3.2 ,354 ,0.0 
2019/11/18 15,999.3 ,26.8 ,64 ,3.1 ,359 ,0.0 
2019/11/18 16,999.7 ,24.7 ,70 ,2.9 ,352 ,0.0 
2019/11/18 17,1000.3 ,22.7 ,74 ,3.5 ,356 ,0.0 
2019/11/18 18,1000.8 ,21.5 ,80 ,2.5 ,349 ,0.0 
2019/11/18 19,/ ,/ ,/ ,/ ,/ ,0.0 
2019/11/18 20,1001.6 ,21.3 ,80 ,2.4 ,356 ,0.0 
2019/11/18 21,1001.6 ,20.9 ,80 ,2.9 ,352 ,0.0 
2019/11/18 22,1001.6 ,20.6 ,78 ,2.8 ,353 ,0.0 
2019/11/18 23,1001.1 ,20.4 ,77 ,2.4 ,359 ,0.0 
2019/11/18 24,1000.6 ,20.0 ,77 ,3.5 ,2 ,0.0 
2019/11/19 01,1000.7 ,19.6 ,78 ,2.9 ,356 ,0.0 
2019/11/19 02,1000.5 ,19.6 ,77 ,3.1 ,2 ,0.0 
2019/11/19 03,1000.1 ,19.0 ,79 ,3.0 ,7 ,0.0 
2019/11/19 04,1000.1 ,18.9 ,78 ,2.8 ,2 ,0.0 
2019/11/19 05,1000.4 ,19.2 ,77 ,3.3 ,2 ,0.0 
2019/11/19 06,1000.6 ,19.2 ,78 ,2.6 ,4 ,0.0 
2019/11/19 07,/ ,/ ,/ ,/ ,/ ,0.0 
2019/11/19 08,1001.9 ,19.8 ,72 ,3.2 ,5 ,0.0 
2019/11/19 09,1002.5 ,20.9 ,68 ,3.0 ,4 ,0.0 
2019/11/19 10,1002.6 ,21.4 ,65 ,3.5 ,4 ,0.0 
2019/11/19 11,1002.1 ,21.6 ,64 ,3.0 ,2 ,0.0 
2019/11/19 12,1001.5 ,22.8 ,58 ,2.7 ,8 ,0.0 
2019/11/19 13,1001.0 ,22.5 ,58 ,3.5 ,1 ,0.0 
2019/11/19 14,1000.6 ,21.4 ,61 ,3.1 ,2 ,0.0 
2019/11/19 15,1000.5 ,21.1 ,63 ,2.5 ,354 ,0.0 
2019/11/19 16,1000.6 ,21.0 ,63 ,2.3 ,351 ,0.0 
2019/11/19 17,1000.9 ,19.9 ,67 ,2.2 ,349 ,0.0 
2019/11/19 18,1001.5 ,18.7 ,71 ,2.0 ,351 ,0.0 
2019/11/19 19,1001.9 ,18.7 ,73 ,1.9 ,349 ,0.0 
2019/11/19 20,1002.2 ,18.1 ,75 ,1.8 ,354 ,0.0 
2019/11/19 21,1002.7 ,18.0 ,76 ,1.5 ,351 ,0.0 
2019/11/19 22,1003.2 ,18.6 ,73 ,1.6 ,355 ,0.0 
2019/11/19 23,1003.0 ,18.6 ,72 ,0.9 ,4 ,0.0 
2019/11/19 24,1002.7 ,18.7 ,72 ,0.9 ,345 ,0.0 
2019/11/20 01,1003.0 ,18.5 ,74 ,1.1 ,343 ,0.0 
2019/11/20 02,1002.5 ,18.6 ,75 ,1.2 ,349 ,0.0 
2019/11/20 03,1002.1 ,18.6 ,76 ,1.0 ,341 ,0.0 
2019/11/20 04,1002.2 ,18.5 ,77 ,1.7 ,351 ,0.0 
2019/11/20 05,1002.6 ,18.5 ,77 ,1.2 ,347 ,0.0 
2019/11/20 06,1003.5 ,18.5 ,77 ,1.5 ,350 ,0.0 
2019/11/20 07,1003.8 ,18.8 ,76 ,1.6 ,354 ,0.0 
2019/11/20 08,1004.4 ,20.4 ,71 ,1.6 ,5 ,0.0 
2019/11/20 09,1004.7 ,22.8 ,62 ,1.5 ,355 ,0.0 
2019/11/20 10,1004.7 ,23.8 ,59 ,2.0 ,341 ,0.0 
2019/11/20 11,1004.0 ,25.2 ,56 ,1.7 ,341 ,0.0 
2019/11/20 12,1003.2 ,25.1 ,57 ,1.0 ,308 ,0.0 
2019/11/20 13,1002.2 ,25.5 ,57 ,0.9 ,325 ,0.0 
2019/11/20 14,1001.8 ,25.6 ,59 ,0.9 ,357 ,0.0 
2019/11/20 15,1001.6 ,25.1 ,56 ,2.5 ,360 ,0.0 
2019/11/20 16,1001.5 ,23.1 ,61 ,2.3 ,352 ,0.0 
2019/11/20 17,1001.8 ,21.5 ,65 ,1.9 ,350 ,0.0 
2019/11/20 18,1002.1 ,20.5 ,69 ,2.4 ,355 ,0.0 
2019/11/20 19,1002.8 ,19.4 ,74 ,1.9 ,353 ,0.0 
2019/11/20 20,1002.8 ,19.3 ,75 ,2.3 ,357 ,0.0 
2019/11/20 21,1003.0 ,18.8 ,79 ,1.5 ,348 ,0.0 
2019/11/20 22,1003.0 ,18.9 ,80 ,1.5 ,352 ,0.0 
2019/11/20 23,1003.1 ,17.9 ,85 ,1.0 ,297 ,0.0 
2019/11/20 24,1003.0 ,17.4 ,88 ,0.8 ,281 ,0.0 
2019/11/21 01,1002.5 ,16.9 ,91 ,0.7 ,287 ,0.0 
2019/11/21 02,1002.2 ,16.6 ,92 ,0.9 ,282 ,0.0 
2019/11/21 03,1001.8 ,16.4 ,93 ,1.3 ,272 ,0.0 
2019/11/21 04,1001.9 ,16.7 ,93 ,1.4 ,275 ,0.0 
2019/11/21 05,1002.2 ,16.0 ,96 ,0.8 ,234 ,0.0 
2019/11/21 06,1002.6 ,16.3 ,96 ,0.6 ,264 ,0.0 
2019/11/21 07,1003.4 ,17.4 ,95 ,0.0 ,0 ,0.0 
2019/11/21 08,1003.7 ,20.1 ,81 ,0.3 ,1 ,0.0 
2019/11/21 09,1003.9 ,22.4 ,72 ,0.9 ,26 ,0.0 
2019/11/21 10,1003.8 ,24.4 ,66 ,0.8 ,43 ,0.0 
2019/11/21 11,1003.0 ,27.1 ,57 ,0.9 ,31 ,0.0 
2019/11/21 12,1002.3 ,27.4 ,56 ,1.3 ,336 ,0.0 
2019/11/21 13,1001.3 ,28.0 ,57 ,2.0 ,350 ,0.0 
2019/11/21 14,1000.5 ,28.3 ,57 ,2.6 ,340 ,0.0 
2019/11/21 15,1000.4 ,26.9 ,62 ,2.8 ,1 ,0.0 
2019/11/21 16,1000.9 ,24.0 ,71 ,2.1 ,358 ,0.0 
2019/11/21 17,1001.1 ,21.7 ,82 ,2.9 ,357 ,0.0 
2019/11/21 18,1001.4 ,20.9 ,86 ,2.3 ,353 ,0.0 
2019/11/21 19,1002.0 ,20.6 ,87 ,2.6 ,357 ,0.0 
2019/11/21 20,1002.4 ,20.4 ,88 ,2.2 ,355 ,0.0 
2019/11/21 21,1002.7 ,20.4 ,89 ,2.6 ,2 ,0.0 
2019/11/21 22,1002.6 ,20.5 ,89 ,2.5 ,3 ,0.0 
2019/11/21 23,1002.3 ,20.3 ,91 ,1.4 ,355 ,0.0 
2019/11/21 24,1001.8 ,20.7 ,89 ,2.4 ,359 ,0.0 
2019/11/22 01,1001.5 ,20.8 ,88 ,2.5 ,2 ,0.0 
2019/11/22 02,1001.1 ,20.8 ,89 ,2.7 ,360 ,0.0 
2019/11/22 03,1000.7 ,20.5 ,90 ,2.9 ,358 ,0.0 
2019/11/22 04,1000.8 ,20.4 ,91 ,2.1 ,360 ,0.0 
2019/11/22 05,1000.8 ,20.2 ,92 ,2.0 ,358 ,0.0 
2019/11/22 06,1001.1 ,19.6 ,95 ,1.5 ,351 ,0.0 
2019/11/22 07,1001.7 ,19.8 ,96 ,1.4 ,355 ,0.0 
2019/11/22 08,1002.0 ,23.1 ,81 ,0.9 ,41 ,0.0 
2019/11/22 09,1002.2 ,24.7 ,73 ,1.5 ,62 ,0.0 
2019/11/22 10,1002.2 ,26.7 ,66 ,1.0 ,45 ,0.0 
2019/11/22 11,1001.8 ,28.3 ,59 ,0.9 ,358 ,0.0 
2019/11/22 12,1000.8 ,29.4 ,58 ,1.2 ,339 ,0.0 
2019/11/22 13,1000.0 ,30.0 ,56 ,1.7 ,308 ,0.0 
2019/11/22 14,999.6 ,29.5 ,59 ,1.2 ,353 ,0.0 
2019/11/22 15,999.7 ,29.5 ,60 ,2.3 ,355 ,0.0 
2019/11/22 16,999.7 ,27.4 ,67 ,2.8 ,360 ,0.0 
2019/11/22 17,1000.3 ,24.8 ,77 ,2.1 ,352 ,0.0 
2019/11/22 18,1000.8 ,23.5 ,83 ,1.8 ,346 ,0.0 
2019/11/22 19,1001.4 ,22.7 ,87 ,1.2 ,331 ,0.0 
2019/11/22 20,1001.6 ,22.0 ,91 ,1.1 ,332 ,0.0 
2019/11/22 21,1001.9 ,21.6 ,93 ,1.0 ,299 ,0.0 
2019/11/22 22,1002.1 ,20.9 ,95 ,0.7 ,281 ,0.0 
2019/11/22 23,1002.1 ,20.4 ,97 ,0.8 ,289 ,0.0 
2019/11/22 24,1001.8 ,20.2 ,97 ,0.9 ,265 ,0.0 
2019/11/23 01,1001.6 ,20.1 ,98 ,1.1 ,270 ,0.0 
2019/11/23 02,1001.3 ,19.7 ,98 ,0.9 ,264 ,0.0 
2019/11/23 03,1001.2 ,19.5 ,99 ,1.0 ,267 ,0.0 
2019/11/23 04,1001.4 ,19.0 ,99 ,0.9 ,265 ,0.0 
2019/11/23 05,1001.8 ,18.9 ,99 ,1.1 ,261 ,0.0 
2019/11/23 06,1002.4 ,18.6 ,99 ,0.5 ,259 ,0.0 
2019/11/23 07,1003.2 ,19.2 ,99 ,0.3 ,219 ,0.0 
2019/11/23 08,1004.5 ,20.5 ,97 ,0.3 ,105 ,0.0 
2019/11/23 09,1005.0 ,22.6 ,89 ,1.3 ,152 ,0.0 
2019/11/23 10,1005.0 ,26.5 ,73 ,1.4 ,106 ,0.0 
2019/11/23 11,1004.4 ,28.2 ,63 ,1.5 ,96 ,0.0 
2019/11/23 12,1003.2 ,28.9 ,57 ,0.9 ,64 ,0.0 
2019/11/23 13,1002.0 ,29.1 ,62 ,1.6 ,298 ,0.0 
2019/11/23 14,1001.5 ,26.7 ,74 ,1.6 ,329 ,0.0 
2019/11/23 15,1001.4 ,27.0 ,71 ,2.2 ,324 ,0.0 
2019/11/23 16,1001.8 ,25.0 ,81 ,1.4 ,355 ,0.0 
2019/11/23 17,1002.5 ,23.9 ,86 ,1.4 ,1 ,0.0 
2019/11/23 18,1002.9 ,22.4 ,92 ,1.2 ,339 ,0.0 
2019/11/23 19,1003.7 ,21.9 ,94 ,1.0 ,320 ,0.0 
2019/11/23 20,1004.0 ,21.5 ,96 ,0.8 ,283 ,0.0 
2019/11/23 21,1003.7 ,21.3 ,96 ,1.1 ,269 ,0.0 
2019/11/23 22,1003.7 ,21.0 ,97 ,1.0 ,279 ,0.0 
2019/11/23 23,1003.7 ,20.5 ,98 ,0.5 ,277 ,0.0 
2019/11/23 24,1003.5 ,20.2 ,99 ,0.8 ,267 ,0.0 
2019/11/24 01,1003.2 ,20.6 ,99 ,1.4 ,273 ,0.0 
2019/11/24 02,1002.7 ,20.5 ,99 ,1.4 ,273 ,0.0 
2019/11/24 03,1002.2 ,20.4 ,99 ,1.2 ,271 ,0.0 
2019/11/24 04,1002.2 ,19.7 ,99 ,0.7 ,279 ,0.0 
2019/11/24 05,1002.8 ,19.5 ,99 ,0.8 ,289 ,0.0 
2019/11/24 06,/ ,/ ,/ ,/ ,/ ,0.0 
2019/11/24 07,1004.3 ,20.0 ,99 ,0.7 ,304 ,0.0 
2019/11/24 08,1004.7 ,22.7 ,90 ,0.4 ,94 ,0.0 
2019/11/24 09,1005.3 ,24.8 ,81 ,1.0 ,360 ,0.0 
2019/11/24 10,1005.1 ,26.5 ,72 ,2.0 ,8 ,0.0 
2019/11/24 11,1004.4 ,28.5 ,60 ,1.0 ,41 ,0.0 
2019/11/24 12,1003.7 ,30.6 ,50 ,1.1 ,310 ,0.0 
2019/11/24 13,1002.8 ,30.9 ,48 ,1.3 ,353 ,0.0 
2019/11/24 14,1002.1 ,30.8 ,55 ,1.8 ,338 ,0.0 
2019/11/24 15,1002.1 ,29.3 ,60 ,2.4 ,313 ,0.0 
2019/11/24 16,1002.2 ,27.8 ,65 ,1.0 ,318 ,0.0 
2019/11/24 17,1002.7 ,25.2 ,78 ,1.1 ,274 ,0.0 
2019/11/24 18,1003.5 ,23.4 ,85 ,1.2 ,309 ,0.0 
2019/11/24 19,1004.1 ,22.9 ,87 ,0.9 ,303 ,0.0 
2019/11/24 20,1004.3 ,22.2 ,89 ,1.2 ,271 ,0.0 
2019/11/24 21,1004.9 ,21.5 ,92 ,0.7 ,294 ,0.0 
2019/11/24 22,1005.3 ,21.2 ,92 ,0.8 ,292 ,0.0 
2019/11/24 23,1005.2 ,20.8 ,93 ,1.2 ,275 ,0.0 
2019/11/24 24,1004.9 ,20.5 ,94 ,1.3 ,276 ,0.0 
2019/11/25 01,1004.7 ,20.1 ,94 ,1.3 ,282 ,0.0 
2019/11/25 02,1004.4 ,19.8 ,95 ,1.0 ,287 ,0.0 
2019/11/25 03,1004.2 ,19.6 ,96 ,0.8 ,300 ,0.0 
2019/11/25 04,1004.0 ,19.5 ,95 ,1.0 ,283 ,0.0 
2019/11/25 05,1004.6 ,19.3 ,95 ,1.0 ,324 ,0.0 
2019/11/25 06,1005.4 ,19.4 ,95 ,1.0 ,321 ,0.0 
2019/11/25 07,1006.2 ,19.7 ,95 ,0.8 ,317 ,0.0 
2019/11/25 08,1006.9 ,21.5 ,90 ,0.8 ,1 ,0.0 
2019/11/25 09,1007.3 ,22.8 ,84 ,0.9 ,33 ,0.0 
2019/11/25 10,1007.0 ,26.0 ,70 ,1.2 ,10 ,0.0 
2019/11/25 11,1006.5 ,27.9 ,61 ,1.8 ,14 ,0.0 
2019/11/25 12,/ ,/ ,/ ,/ ,/ ,0.0 
2019/11/25 13,1004.6 ,30.3 ,52 ,2.7 ,1 ,0.0 
2019/11/25 14,1003.9 ,29.8 ,51 ,3.1 ,5 ,0.0 
2019/11/25 15,1003.6 ,27.9 ,57 ,3.3 ,359 ,0.0 
2019/11/25 16,1003.9 ,26.4 ,57 ,3.1 ,354 ,0.0 
2019/11/25 17,1004.4 ,23.2 ,73 ,3.1 ,353 ,0.0 
2019/11/25 18,1005.0 ,21.4 ,80 ,3.3 ,353 ,0.0 
2019/11/25 19,1005.8 ,20.8 ,82 ,2.8 ,352 ,0.0 
2019/11/25 20,1006.2 ,20.4 ,82 ,2.0 ,350 ,0.0 
2019/11/25 21,1006.3 ,20.0 ,83 ,1.3 ,339 ,0.0 
2019/11/25 22,1006.5 ,19.6 ,85 ,1.3 ,340 ,0.0 
2019/11/25 23,1006.7 ,19.4 ,85 ,1.6 ,337 ,0.0 
2019/11/25 24,1006.5 ,19.3 ,85 ,1.5 ,342 ,0.0 
2019/11/26 01,1006.3 ,19.6 ,83 ,1.3 ,353 ,0.0 
2019/11/26 02,1005.7 ,19.7 ,82 ,1.1 ,347 ,0.0 
2019/11/26 03,1005.6 ,19.5 ,83 ,1.0 ,335 ,0.0 
2019/11/26 04,1005.3 ,19.4 ,82 ,1.3 ,355 ,0.0 
2019/11/26 05,1005.3 ,18.9 ,83 ,1.5 ,348 ,0.0 
2019/11/26 06,1005.9 ,18.7 ,82 ,1.1 ,342 ,0.0 
2019/11/26 07,1006.5 ,18.9 ,82 ,1.5 ,344 ,0.0 
2019/11/26 08,1006.9 ,21.4 ,72 ,1.1 ,19 ,0.0 
2019/11/26 09,1007.1 ,23.7 ,66 ,0.5 ,121 ,0.0 
2019/11/26 10,1007.1 ,26.0 ,61 ,1.8 ,265 ,0.0 
2019/11/26 11,1007.1 ,26.9 ,57 ,1.2 ,267 ,0.0 
2019/11/26 12,1006.2 ,28.8 ,54 ,1.4 ,215 ,0.0 
2019/11/26 13,1005.2 ,29.1 ,52 ,1.4 ,232 ,0.0 
2019/11/26 14,1004.6 ,29.1 ,52 ,2.0 ,353 ,X 
2019/11/26 15,1004.1 ,29.1 ,51 ,1.5 ,314 ,0.0 
2019/11/26 16,1004.1 ,26.7 ,58 ,1.6 ,302 ,0.0 
2019/11/26 17,1004.5 ,24.1 ,67 ,1.3 ,303 ,0.0 
2019/11/26 18,1005.2 ,22.4 ,74 ,1.2 ,309 ,0.0 
2019/11/26 19,1006.0 ,21.7 ,77 ,1.3 ,319 ,0.0 
2019/11/26 20,1006.4 ,20.6 ,81 ,1.2 ,333 ,0.0 
2019/11/26 21,1006.5 ,19.7 ,85 ,1.1 ,334 ,0.0 
2019/11/26 22,1006.6 ,19.2 ,87 ,1.1 ,304 ,0.0 
2019/11/26 23,1006.8 ,19.0 ,88 ,0.7 ,317 ,0.0 
2019/11/26 24,1006.3 ,18.4 ,91 ,0.6 ,301 ,0.0 
2019/11/27 01,1006.1 ,18.3 ,92 ,1.7 ,275 ,0.0 
2019/11/27 02,1005.9 ,17.9 ,93 ,0.8 ,271 ,0.0 
2019/11/27 03,1005.7 ,17.8 ,95 ,1.0 ,285 ,0.0 
2019/11/27 04,/ ,/ ,/ ,/ ,/ ,0.0 
2019/11/27 05,1005.3 ,17.9 ,97 ,1.2 ,344 ,0.0 
2019/11/27 06,1005.7 ,18.2 ,97 ,1.8 ,353 ,0.0 
2019/11/27 07,1006.2 ,18.1 ,98 ,0.0 ,0 ,0.0 
2019/11/27 08,1006.6 ,21.9 ,80 ,0.8 ,68 ,0.0 
2019/11/27 09,1007.0 ,24.1 ,73 ,1.2 ,5 ,0.0 
2019/11/27 10,1007.0 ,25.4 ,67 ,1.4 ,341 ,0.0 
2019/11/27 11,1006.3 ,27.9 ,55 ,1.4 ,335 ,0.0 
2019/11/27 12,1005.1 ,28.9 ,54 ,1.5 ,24 ,0.0 
2019/11/27 13,1003.9 ,30.5 ,47 ,1.4 ,312 ,0.0 
2019/11/27 14,1003.1 ,29.3 ,57 ,1.9 ,326 ,0.0 
2019/11/27 15,1002.5 ,28.0 ,61 ,1.8 ,345 ,0.0 
2019/11/27 16,1002.9 ,25.6 ,68 ,1.8 ,340 ,0.0 
2019/11/27 17,1003.4 ,23.8 ,74 ,1.3 ,317 ,0.0 
2019/11/27 18,1004.0 ,21.4 ,85 ,1.1 ,335 ,0.0 
2019/11/27 19,1004.9 ,20.6 ,87 ,1.3 ,330 ,0.0 
2019/11/27 20,1005.5 ,20.1 ,86 ,1.3 ,344 ,0.0 
2019/11/27 21,1005.9 ,19.5 ,88 ,1.8 ,348 ,0.0 
2019/11/27 22,1006.5 ,19.1 ,89 ,1.6 ,345 ,0.0 
2019/11/27 23,1006.6 ,18.9 ,89 ,2.4 ,355 ,0.0 
2019/11/27 24,1006.6 ,18.1 ,92 ,1.2 ,336 ,0.0 
2019/11/28 01,1006.3 ,18.5 ,90 ,1.4 ,351 ,0.0 
2019/11/28 02,1006.0 ,18.2 ,90 ,1.2 ,339 ,0.0 
2019/11/28 03,1006.0 ,18.0 ,90 ,1.9 ,343 ,0.0 
2019/11/28 04,1005.9 ,18.6 ,84 ,2.3 ,360 ,0.0 
2019/11/28 05,1006.1 ,18.0 ,87 ,1.3 ,351 ,0.0 
2019/11/28 06,1006.6 ,18.0 ,88 ,1.9 ,352 ,0.0 
2019/11/28 07,1006.9 ,18.5 ,84 ,2.6 ,4 ,0.0 
2019/11/28 08,1007.4 ,21.1 ,74 ,2.1 ,14 ,0.0 
2019/11/28 09,1007.7 ,22.6 ,68 ,2.4 ,5 ,0.0 
2019/11/28 10,1007.6 ,24.3 ,63 ,2.5 ,14 ,0.0 
2019/11/28 11,1007.1 ,24.4 ,60 ,3.7 ,358 ,0.0 
2019/11/28 12,1006.0 ,24.3 ,57 ,4.3 ,357 ,0.0 
2019/11/28 13,1005.0 ,24.7 ,55 ,4.4 ,5 ,0.0 
2019/11/28 14,1004.5 ,24.1 ,56 ,4.5 ,2 ,0.0 
2019/11/28 15,1004.4 ,22.9 ,59 ,3.9 ,358 ,0.0 
2019/11/28 16,1004.8 ,21.0 ,65 ,3.1 ,358 ,0.0 
2019/11/28 17,1005.3 ,18.6 ,72 ,3.2 ,350 ,0.0 
2019/11/28 18,1005.9 ,17.3 ,77 ,2.6 ,353 ,0.0 
2019/11/28 19,1006.4 ,16.8 ,78 ,2.0 ,351 ,0.0 
2019/11/28 20,1006.9 ,16.3 ,80 ,2.0 ,348 ,0.0 
2019/11/28 21,1007.3 ,16.7 ,77 ,1.6 ,353 ,0.0 
2019/11/28 22,1007.3 ,17.0 ,75 ,1.5 ,359 ,0.0 
2019/11/28 23,1007.2 ,17.1 ,75 ,1.8 ,351 ,0.0 
2019/11/28 24,1006.9 ,17.4 ,74 ,1.5 ,351 ,0.0 
2019/11/29 01,1006.8 ,17.3 ,74 ,1.6 ,356 ,0.0 
2019/11/29 02,1006.6 ,17.3 ,73 ,1.5 ,352 ,0.0 
2019/11/29 03,1006.4 ,16.9 ,74 ,1.0 ,346 ,0.0 
2019/11/29 04,1006.5 ,17.2 ,72 ,1.2 ,353 ,0.0 
2019/11/29 05,1006.8 ,17.4 ,71 ,1.6 ,352 ,0.0 
2019/11/29 06,1007.1 ,17.3 ,72 ,1.3 ,359 ,0.0 
2019/11/29 07,1007.6 ,17.5 ,70 ,1.5 ,352 ,0.0 
2019/11/29 08,1007.9 ,19.5 ,64 ,1.5 ,6 ,0.0 
2019/11/29 09,1008.5 ,21.3 ,57 ,1.9 ,1 ,0.0 
2019/11/29 10,1008.4 ,23.3 ,53 ,1.6 ,25 ,0.0 
2019/11/29 11,1007.8 ,24.7 ,48 ,2.0 ,351 ,0.0 
2019/11/29 12,1007.1 ,25.9 ,47 ,1.5 ,340 ,0.0 
2019/11/29 13,1006.3 ,27.1 ,44 ,1.3 ,340 ,0.0 
2019/11/29 14,1005.7 ,26.3 ,45 ,1.9 ,2 ,0.0 
2019/11/29 15,1005.6 ,25.5 ,46 ,2.6 ,359 ,0.0 
2019/11/29 16,1005.7 ,23.6 ,51 ,1.8 ,357 ,0.0 
2019/11/29 17,1006.0 ,21.3 ,59 ,1.9 ,341 ,0.0 
2019/11/29 18,1006.4 ,19.9 ,64 ,1.6 ,342 ,0.0 
2019/11/29 19,1006.9 ,19.1 ,68 ,1.7 ,346 ,0.0 
2019/11/29 20,1007.2 ,19.0 ,69 ,1.4 ,340 ,0.0 
2019/11/29 21,1007.2 ,18.9 ,71 ,0.9 ,340 ,0.0 
2019/11/29 22,1007.3 ,18.5 ,74 ,0.9 ,290 ,0.0 
2019/11/29 23,1007.4 ,17.9 ,78 ,1.3 ,270 ,0.0 
2019/11/29 24,1007.3 ,17.3 ,82 ,0.6 ,259 ,0.0 
2019/11/30 01,1006.9 ,17.6 ,82 ,0.1 ,0 ,0.0 
2019/11/30 02,1006.7 ,16.9 ,84 ,1.3 ,269 ,0.0 
2019/11/30 03,1006.3 ,16.6 ,86 ,1.3 ,276 ,0.0 
2019/11/30 04,1006.3 ,15.7 ,90 ,0.6 ,274 ,0.0 
2019/11/30 05,1006.4 ,15.5 ,92 ,1.6 ,270 ,0.0 
2019/11/30 06,1006.8 ,15.2 ,95 ,1.3 ,270 ,0.0 
2019/11/30 07,1006.9 ,15.6 ,96 ,0.0 ,0 ,0.0 
2019/11/30 08,1007.3 ,19.9 ,77 ,0.8 ,118 ,0.0 
2019/11/30 09,1007.6 ,21.7 ,68 ,0.8 ,75 ,0.0 
2019/11/30 10,1007.3 ,24.7 ,56 ,0.8 ,46 ,0.0 
2019/11/30 11,1006.2 ,26.5 ,50 ,1.4 ,54 ,0.0 
2019/11/30 12,1005.6 ,27.6 ,46 ,1.6 ,282 ,0.0 
2019/11/30 13,1004.6 ,27.4 ,50 ,1.7 ,312 ,0.0 
2019/11/30 14,1003.8 ,27.2 ,49 ,1.8 ,299 ,0.0 
2019/11/30 15,1003.6 ,26.4 ,56 ,2.0 ,311 ,0.0 
2019/11/30 16,1003.8 ,23.6 ,72 ,1.7 ,300 ,0.0 
2019/11/30 17,1004.2 ,21.6 ,85 ,1.3 ,286 ,0.0 
2019/11/30 18,1004.9 ,19.4 ,93 ,0.4 ,324 ,0.0 
2019/11/30 19,1005.4 ,19.0 ,96 ,0.8 ,241 ,0.0 
2019/11/30 20,1005.7 ,20.1 ,93 ,0.6 ,301 ,0.0 
2019/11/30 21,1005.5 ,19.3 ,96 ,0.5 ,279 ,0.0 
2019/11/30 22,1005.7 ,20.0 ,94 ,1.1 ,285 ,0.0 
2019/11/30 23,1006.0 ,19.7 ,94 ,0.6 ,347 ,0.0 
2019/11/30 24,1006.0 ,19.3 ,95 ,0.4 ,317 ,0.0 
