測站號碼,時間,平均測站氣壓(hPa),平均海平面氣壓(hPa),最高測站氣壓(hPa),最高測站氣壓時間,最低測站氣壓(hPa),最低測站氣壓時間,平均乾球氣溫(℃),氣溫日較差,絕對最高氣溫(℃),絕對最高氣溫時間,絕對最低氣溫(℃),絕對最低氣溫時間,平均露點溫度(℃),最高露點溫度(℃),最高露點溫度時間,最低露點溫度(℃),最低露點溫度時間,平均水汽壓,最大水汽壓,最大水汽壓時間,最小水汽壓,最小水汽壓時間,平均相對溼度(%),最大相對溼度,最大相對溼度時間,最小相對溼度,最小相對溼度時間,平均風風速(m/s),平均風風向(360°),平均風程,最大平均風風速(m/s),最大平均風風向(360°),最大平均風發生時間,瞬間極大風風速(m/s),瞬間極大風風向(360°),瞬間極大風發生時間,累積降水量(mm),最大10分鐘降水量(mm),最大10分鐘降水起始時間,最大小時降水量,最大小時降水起始時間,累積日照時數(hr),全天空日射量,地表0cm溫度(℃),地中5cm溫度(℃),地中10cm溫度(℃),地中20cm溫度(℃),地中50cm溫度(℃),地中100cm溫度(℃)
G2F820,2019/9/1 00:00,999.7,1010.9,1002.2,2019/9/1 16:02,997.8,2019/9/1 14:45,27.3,11.3,34.6,2019/9/1 13:07,23.2,2019/9/1 16:33,24.3,26.3,2019/9/1 14:28,23.2,2019/9/1 16:33,30.4,34.3,2019/9/1 14:28,28.4,2019/9/1 16:33,85,99,2019/9/1 17:00,55,2019/9/1 13:00,2.1,180,2.1,5.8,290,2019/9/1 15:28,10.6,100,2019/9/1 15:56,68,18.5,2019/9/1 16:09,63,2019/9/1 15:44,8.4,21.77,29.2,29.2,29.2,29.5,29.5,28.9
G2F820,2019/9/2 00:00,1000,1011.2,1001.3,2019/9/2 00:15,997.4,2019/9/2 16:35,28.6,10.3,33.8,2019/9/2 12:04,23.5,2019/9/2 05:53,24.5,26.9,2019/9/2 15:55,22.2,2019/9/2 11:04,30.8,35.4,2019/9/2 15:55,26.8,2019/9/2 11:04,79,97,2019/9/2 01:05,53,2019/9/2 11:04,1.8,260,1.9,5.5,300,2019/9/2 13:42,7.6,300,2019/9/2 13:22,0,0,2019/9/2 00:00,0,2019/9/2 00:00,11.1,26.99,28.8,29,29.2,29.2,29.1,29.1
G2F820,2019/9/3 00:00,997.5,1008.7,999.9,2019/9/3 00:07,995,2019/9/3 15:37,28.6,6.5,32.3,2019/9/3 13:57,25.8,2019/9/3 05:27,25.3,26.7,2019/9/3 13:27,24.3,2019/9/3 23:02,32.3,35.1,2019/9/3 13:27,30.5,2019/9/3 23:02,82,96,2019/9/3 05:11,65,2019/9/3 10:41,1.8,210,1.9,4.6,300,2019/9/3 12:43,6.8,300,2019/9/3 13:40,0,0,2019/9/3 00:00,0,2019/9/3 00:00,9.2,21.02,29.9,30,30,30,29.6,29.1
G2F820,2019/9/4 00:00,996.9,1008.1,998.5,2019/9/4 09:33,995.9,2019/9/4 16:14,26.1,7,31.3,2019/9/4 12:24,24.2,2019/9/4 14:51,24.5,26.3,2019/9/4 12:47,23.6,2019/9/4 12:14,30.7,34.2,2019/9/4 12:47,29.2,2019/9/4 12:14,91,99,2019/9/4 15:32,65,2019/9/4 12:14,1.7,180,1.6,5.9,260,2019/9/4 12:57,9.3,260,2019/9/4 12:34,61,13.5,2019/9/4 13:43,46,2019/9/4 13:43,6.9,12.07,27.7,28.2,28.5,29,29.4,29
G2F820,2019/9/5 00:00,994.5,1005.6,996.2,2019/9/5 07:57,992.7,2019/9/5 16:32,26.3,7.8,31.6,2019/9/5 11:43,23.8,2019/9/5 04:14,24.3,25.8,2019/9/5 13:39,22.9,2019/9/5 03:44,30.4,33.1,2019/9/5 13:39,27.9,2019/9/5 03:44,89,98,2019/9/5 01:20,64,2019/9/5 11:27,1.5,160,1.5,5.9,90,2019/9/5 13:49,8.5,80,2019/9/5 13:45,3,1.5,2019/9/5 14:44,2.5,2019/9/5 14:00,8.4,15.66,27.9,28.3,28.4,28.7,29,29.1
G2F820,2019/9/6 00:00,993.3,1004.5,995.4,2019/9/6 22:16,991.1,2019/9/6 15:10,28,8.4,32.9,2019/9/6 14:31,24.5,2019/9/6 01:32,24.6,26.6,2019/9/6 13:38,22.4,2019/9/6 11:47,31,34.8,2019/9/6 13:38,27.2,2019/9/6 11:47,82,98,2019/9/6 01:42,56,2019/9/6 11:47,1.6,180,1.6,5.1,270,2019/9/6 13:45,7.6,270,2019/9/6 13:39,0.5,0.5,2019/9/6 16:30,0.5,2019/9/6 15:40,9.2,25.83,29.8,29.7,29.6,29.5,29.2,29.1
G2F820,2019/9/7 00:00,995.6,1006.7,997.7,2019/9/7 23:13,993.9,2019/9/7 15:00,28.5,8.8,33.3,2019/9/7 12:55,24.5,2019/9/7 05:31,24.8,26.4,2019/9/7 14:54,22.3,2019/9/7 09:43,31.3,34.4,2019/9/7 14:54,27,2019/9/7 09:43,81,96,2019/9/7 05:27,60,2019/9/7 12:45,1.8,250,1.9,4.7,300,2019/9/7 14:48,6.6,300,2019/9/7 14:42,0,0,2019/9/7 00:00,0,2019/9/7 00:00,10.1,24.39,30.2,30.2,30.1,30.1,29.6,29.1
G2F820,2019/9/8 00:00,997.2,1008.4,998.2,2019/9/8 07:28,994.9,2019/9/8 16:16,27.3,8,32.2,2019/9/8 11:00,24.2,2019/9/8 04:16,24.4,25.7,2019/9/8 10:27,23,2019/9/8 03:27,30.6,33,2019/9/8 10:27,28.2,2019/9/8 03:27,85,96,2019/9/8 04:12,62,2019/9/8 11:05,1.9,230,2,5.2,180,2019/9/8 03:36,7.5,190,2019/9/8 03:31,2.5,2,2019/9/8 03:55,2.5,2019/9/8 03:13,10.1,26.52,28.5,29.4,29.8,30.2,29.9,29.2
G2F820,2019/9/9 00:00,998,1009.2,999.7,2019/9/9 23:01,996.2,2019/9/9 15:31,28.5,7.9,32.8,2019/9/9 13:46,24.9,2019/9/9 06:30,24.2,25.6,2019/9/9 12:44,22.3,2019/9/9 07:06,30.2,32.9,2019/9/9 12:44,27,2019/9/9 07:06,78,92,2019/9/9 05:16,56,2019/9/9 11:43,1.8,230,1.8,4.5,280,2019/9/9 15:13,6.7,280,2019/9/9 15:16,0,0,2019/9/9 00:00,0,2019/9/9 00:00,10.7,21.98,29.9,30,30.1,30.2,30,29.3
G2F820,2019/9/11 00:00,1002.1,1013.3,1003.8,2019/9/11 08:47,1000.2,2019/9/11 15:31,28.9,9.3,34.4,2019/9/11 14:02,25.1,2019/9/11 05:48,24.4,26.1,2019/9/11 14:35,22.3,2019/9/11 13:11,30.6,33.7,2019/9/11 14:35,26.9,2019/9/11 13:11,77,92,2019/9/11 05:58,51,2019/9/11 13:28,2,200,2.1,5.3,320,2019/9/11 16:42,13.5,330,2019/9/11 13:47,0,0,2019/9/11 00:00,0,2019/9/11 00:00,10.6,24.52,30.2,30.2,30.1,30.2,29.9,29.4
G2F820,2019/9/12 00:00,999.8,1011,1001.8,2019/9/12 07:18,997.6,2019/9/12 16:31,29,7.9,33.3,2019/9/12 13:33,25.4,2019/9/12 05:53,25.2,26.5,2019/9/12 18:46,24.1,2019/9/12 16:03,32,34.6,2019/9/12 18:46,30,2019/9/12 16:03,80,95,2019/9/12 05:56,59,2019/9/12 16:06,1.5,230,1.5,4.2,280,2019/9/12 11:33,6.1,280,2019/9/12 11:33,0,0,2019/9/12 00:00,0,2019/9/12 00:00,10.2,20.09,30.4,30.3,30.3,30.4,30.1,29.5
G2F820,2019/9/13 00:00,998.6,1009.7,1000.3,2019/9/13 09:05,996.8,2019/9/13 15:20,28.7,7.4,33,2019/9/13 13:53,25.6,2019/9/13 06:00,24.2,26.4,2019/9/13 14:09,20.5,2019/9/13 07:51,30.3,34.3,2019/9/13 14:09,24.1,2019/9/13 07:51,77,94,2019/9/13 23:46,61,2019/9/13 12:04,1.9,210,1.9,3.8,320,2019/9/13 17:18,5.6,320,2019/9/13 17:11,0,0,2019/9/13 00:00,0,2019/9/13 00:00,9.5,18.79,30.3,30.3,30.4,30.4,30.1,29.5
G2F820,2019/9/14 00:00,998.3,1009.4,999.7,2019/9/14 23:03,996.4,2019/9/14 15:33,28.7,8.3,33.7,2019/9/14 13:26,25.4,2019/9/14 06:26,25,26.5,2019/9/14 09:17,22.4,2019/9/14 12:09,31.6,34.5,2019/9/14 09:17,27,2019/9/14 12:09,81,96,2019/9/14 06:36,53,2019/9/14 12:31,2,320,2,6.2,330,2019/9/14 14:55,8.9,320,2019/9/14 15:02,0.5,0.5,2019/9/14 06:13,0.5,2019/9/14 05:23,9.3,21.9,30,30.3,30.3,30.4,30.2,29.6
G2F820,2019/9/15 00:00,998.3,1009.5,1000.1,2019/9/15 08:44,996.5,2019/9/15 15:52,28.2,8.3,33.3,2019/9/15 11:26,25,2019/9/15 22:09,23.8,25.4,2019/9/15 11:30,20.7,2019/9/15 14:56,29.6,32.4,2019/9/15 11:30,24.4,2019/9/15 14:56,78,94,2019/9/15 06:07,54,2019/9/15 12:40,2,350,2.1,6.5,330,2019/9/15 14:21,9.2,330,2019/9/15 14:30,0,0,2019/9/15 00:00,0,2019/9/15 00:00,10.2,19.78,29.8,30.1,30.2,30.4,30.2,29.6
G2F820,2019/9/16 00:00,997.7,1008.8,998.9,2019/9/16 08:23,996.4,2019/9/16 15:42,27.8,7.3,31.7,2019/9/16 11:15,24.4,2019/9/16 23:53,23.7,25,2019/9/16 14:55,22.5,2019/9/16 13:10,29.4,31.7,2019/9/16 14:55,27.2,2019/9/16 13:10,79,94,2019/9/16 23:51,59,2019/9/16 13:10,1.8,340,1.7,5.4,330,2019/9/16 15:47,7.4,340,2019/9/16 15:44,0,0,2019/9/16 00:00,0,2019/9/16 00:00,9.3,16.48,29.4,29.7,29.8,30,30.1,29.7
G2F820,2019/9/18 00:00,999.3,1010.5,1000.9,2019/9/18 08:25,997.1,2019/9/18 14:39,27.5,10.3,33.5,2019/9/18 13:33,23.2,2019/9/18 04:14,21.4,23.2,2019/9/18 00:27,18.9,2019/9/18 21:53,25.5,28.5,2019/9/18 00:27,21.8,2019/9/18 21:53,71,94,2019/9/18 03:16,45,2019/9/18 12:52,2.7,360,2.7,7.7,340,2019/9/18 14:53,11.2,350,2019/9/18 14:59,0,0,2019/9/18 00:00,0,2019/9/18 00:00,10.3,25.04,29.4,29.7,29.8,30,29.9,29.6
G2F820,2019/9/19 00:00,999.1,1010.3,1000.8,2019/9/19 08:14,997,2019/9/19 14:51,26.9,9.7,32.4,2019/9/19 12:50,22.8,2019/9/19 23:24,19.1,21.3,2019/9/19 13:34,17.1,2019/9/19 08:24,22.2,25.3,2019/9/19 13:34,19.5,2019/9/19 08:24,63,84,2019/9/19 23:22,46,2019/9/19 11:48,3.5,360,3.4,8,330,2019/9/19 14:07,11.3,340,2019/9/19 14:56,0,0,2019/9/19 00:00,0,2019/9/19 00:00,10,24.6,28.9,29.4,29.5,29.7,29.8,29.6
G2F820,2019/9/20 00:00,996.1,1007.3,998.4,2019/9/20 00:02,994.1,2019/9/20 16:11,25.6,5.2,28.6,2019/9/20 12:18,23.4,2019/9/20 20:26,19.1,20.9,2019/9/20 12:17,14.6,2019/9/20 23:09,22.3,24.7,2019/9/20 12:17,16.6,2019/9/20 23:09,67,82,2019/9/20 06:21,51,2019/9/20 23:18,5.5,10,5.5,9.9,350,2019/9/20 12:09,16.6,20,2019/9/20 21:02,0,0,2019/9/20 00:00,0,2019/9/20 00:00,10.2,25.53,27.6,28.5,28.8,29.2,29.6,29.6
G2F820,2019/9/21 00:00,996.1,1007.3,1000.1,2019/9/21 22:47,993.4,2019/9/21 03:43,24.5,5.3,28.1,2019/9/21 10:44,22.8,2019/9/21 22:22,18.5,21.8,2019/9/21 13:33,14.9,2019/9/21 00:07,21.3,26.1,2019/9/21 13:33,17,2019/9/21 00:07,69,90,2019/9/21 13:33,52,2019/9/21 00:07,4.7,360,4.7,7.5,10,2019/9/21 02:32,13.8,20,2019/9/21 00:02,0,0,2019/9/21 00:00,0,2019/9/21 00:00,9.7,14.54,26.2,27.2,27.7,28.3,29.1,29.5
G2F820,2019/9/22 00:00,1002.4,1013.7,1005.9,2019/9/22 21:33,998.8,2019/9/22 02:21,25.4,9.9,31.6,2019/9/22 13:08,21.7,2019/9/22 02:53,20.2,21.8,2019/9/22 14:06,17.5,2019/9/22 11:48,23.7,26.2,2019/9/22 14:06,20,2019/9/22 11:48,74,92,2019/9/22 02:52,47,2019/9/22 12:49,1.9,350,1.9,5.9,340,2019/9/22 16:30,8,310,2019/9/22 15:18,0,0,2019/9/22 00:00,0,2019/9/22 00:00,10,18.6,27.6,28,28,28.2,28.7,29.3
G2F820,2019/9/23 00:00,1006.5,1017.7,1008.2,2019/9/23 21:11,1004.5,2019/9/23 03:27,25.6,10,31.5,2019/9/23 14:11,21.5,2019/9/23 06:27,19.8,21.1,2019/9/23 00:47,17.7,2019/9/23 08:22,23.1,25.1,2019/9/23 00:47,20.2,2019/9/23 08:22,72,92,2019/9/23 00:47,46,2019/9/23 14:08,2.1,340,2.2,5.8,320,2019/9/23 15:22,8.5,310,2019/9/23 15:01,0,0,2019/9/23 00:00,0,2019/9/23 00:00,10.2,21.39,27.9,28.2,28.3,28.4,28.7,29.1
G2F820,2019/9/24 00:00,1007.4,1018.7,1009.1,2019/9/24 09:15,1005.3,2019/9/24 15:00,25.5,11.1,31.8,2019/9/24 13:59,20.8,2019/9/24 05:30,20.1,21.4,2019/9/24 19:43,18.9,2019/9/24 20:58,23.6,25.5,2019/9/24 19:43,21.8,2019/9/24 20:58,74,95,2019/9/24 04:37,47,2019/9/24 13:50,1.5,310,1.6,4.5,310,2019/9/24 15:05,6.9,320,2019/9/24 15:00,0,0,2019/9/24 00:00,0,2019/9/24 00:00,9.2,21.57,28.1,28.3,28.4,28.5,28.7,29
G2F820,2019/9/25 00:00,1007.2,1018.5,1008.3,2019/9/25 08:52,1005.3,2019/9/25 14:29,25.5,11.3,32.3,2019/9/25 13:43,21,2019/9/25 05:58,20.5,21.5,2019/9/25 09:09,18.9,2019/9/25 12:40,24.2,25.6,2019/9/25 09:09,21.8,2019/9/25 12:40,75,95,2019/9/25 05:55,46,2019/9/25 12:52,1.6,320,1.7,5.5,300,2019/9/25 14:36,7.7,310,2019/9/25 14:31,0,0,2019/9/25 00:00,0,2019/9/25 00:00,10.2,24.56,28.9,28.9,28.8,28.8,28.8,29
G2F820,2019/9/26 00:00,1007,1018.3,1008.5,2019/9/26 08:42,1005.3,2019/9/26 14:55,26.3,10.9,32.1,2019/9/26 13:24,21.2,2019/9/26 05:23,22.1,24,2019/9/26 21:27,20,2019/9/26 13:09,26.7,29.8,2019/9/26 21:27,23.4,2019/9/26 13:09,79,96,2019/9/26 05:25,50,2019/9/26 13:23,1.4,290,1.4,4.4,320,2019/9/26 15:54,5.9,310,2019/9/26 15:47,0,0,2019/9/26 00:00,0,2019/9/26 00:00,10.3,22.86,28.9,29,28.9,28.9,28.9,28.9
G2F820,2019/9/27 00:00,1005.8,1017.1,1007.6,2019/9/27 00:03,1004.2,2019/9/27 14:52,27.2,9.4,32.1,2019/9/27 12:34,22.7,2019/9/27 05:53,23.6,25.1,2019/9/27 20:30,21.8,2019/9/27 11:04,29.2,31.8,2019/9/27 20:30,26.1,2019/9/27 11:04,82,97,2019/9/27 06:07,58,2019/9/27 11:57,1.4,290,1.4,3.6,280,2019/9/27 15:11,5.6,310,2019/9/27 13:58,0,0,2019/9/27 00:00,0,2019/9/27 00:00,10.1,20.27,29.2,29.3,29.2,29.2,29.1,29
G2F820,2019/9/28 00:00,1004.2,1015.4,1005.8,2019/9/28 09:09,1002.2,2019/9/28 14:49,27.1,8.5,32.9,2019/9/28 13:15,24.4,2019/9/28 05:45,24.5,26.7,2019/9/28 15:28,22.9,2019/9/28 11:23,30.8,35.1,2019/9/28 15:28,27.9,2019/9/28 11:23,86,97,2019/9/28 23:17,59,2019/9/28 11:23,1.4,270,1.5,4.5,290,2019/9/28 12:27,7.3,290,2019/9/28 12:18,1.5,1,2019/9/28 14:45,1.5,2019/9/28 14:13,9.6,20.07,29.5,29.6,29.5,29.5,29.2,29
G2F820,2019/9/29 00:00,1001.2,1012.5,1004.1,2019/9/29 00:01,998.6,2019/9/29 23:37,27.4,9.7,33.1,2019/9/29 13:40,23.4,2019/9/29 05:25,23.9,25.6,2019/9/29 19:57,22.2,2019/9/29 13:52,29.8,32.8,2019/9/29 19:57,26.7,2019/9/29 13:52,82,97,2019/9/29 02:09,53,2019/9/29 13:44,1.5,310,1.6,4.2,320,2019/9/29 16:38,6.5,330,2019/9/29 16:37,0,0,2019/9/29 00:00,0,2019/9/29 00:00,10,20.12,29.5,29.4,29.4,29.6,29.4,29.1
G2F820,2019/9/30 00:00,992.9,1004,998.8,2019/9/30 00:01,989.3,2019/9/30 14:47,26.6,6.8,30.5,2019/9/30 12:40,23.7,2019/9/30 23:29,23.1,25,2019/9/30 13:03,21.3,2019/9/30 20:46,28.3,31.6,2019/9/30 13:03,25.4,2019/9/30 20:46,81,97,2019/9/30 04:32,59,2019/9/30 14:55,2.8,360,2.6,7.7,350,2019/9/30 23:17,13.4,340,2019/9/30 22:12,0,0,2019/9/30 00:00,0,2019/9/30 00:00,8.5,9.08,28.1,28.6,29,29.3,29.4,29.2
G2F820,2019/10/1 00:00,1000,1011.2,1002.3,2019/10/1 10:29,993.8,2019/10/1 00:01,26.3,8.3,31.6,2019/10/1 13:39,23.2,2019/10/1 02:03,22.6,24.1,2019/10/1 08:19,20.7,2019/10/1 14:26,27.5,29.9,2019/10/1 08:19,24.4,2019/10/1 14:26,81,97,2019/10/1 04:21,55,2019/10/1 14:11,2.5,150,2.7,6,360,2019/10/1 00:03,9.3,340,2019/10/1 00:42,7,3,2019/10/1 03:51,4.5,2019/10/1 03:43,9.8,17.44,27.8,28.1,28.4,28.8,29.2,29.2
G2F820,2019/10/2 00:00,1003.2,1014.4,1004.4,2019/10/2 08:40,1001.5,2019/10/2 16:16,26.8,11.2,33.6,2019/10/2 12:36,22.3,2019/10/2 05:59,22.4,25.7,2019/10/2 19:24,19.4,2019/10/2 06:38,27.3,33,2019/10/2 19:24,22.5,2019/10/2 06:38,78,94,2019/10/3 00:00,48,2019/10/2 11:28,2.4,190,2.4,4.2,150,2019/10/2 01:07,6.2,200,2019/10/2 12:56,0,0,2019/10/2 00:00,0,2019/10/2 00:00,10.2,23.35,28,28.3,28.6,29,29.1,29.1
G2F820,2019/10/3 00:00,1003.9,1015.2,1005.9,2019/10/3 08:13,1001.8,2019/10/3 15:50,27.6,10.2,33.8,2019/10/3 12:38,23.6,2019/10/3 05:53,23.5,25.5,2019/10/3 17:23,20.3,2019/10/3 12:10,29,32.5,2019/10/3 17:23,23.9,2019/10/3 12:10,80,96,2019/10/3 03:20,47,2019/10/3 12:10,1.7,250,1.8,5.5,300,2019/10/3 15:35,8,300,2019/10/3 15:13,0,0,2019/10/3 00:00,0,2019/10/3 00:00,10.2,21.81,29.9,29.6,29.5,29.5,29.2,29.1
G2F820,2019/10/4 00:00,1003.7,1014.9,1005.4,2019/10/4 08:29,1001.6,2019/10/4 15:44,27.2,8.3,32.1,2019/10/4 11:48,23.8,2019/10/4 04:59,23.4,24.9,2019/10/4 12:49,22.2,2019/10/4 06:06,28.8,31.4,2019/10/4 12:49,26.8,2019/10/4 06:06,81,94,2019/10/4 05:00,58,2019/10/4 11:49,1.8,290,1.8,5.2,300,2019/10/4 14:24,7.8,320,2019/10/4 14:19,0,0,2019/10/4 00:00,0,2019/10/4 00:00,9.9,19.73,29,29.1,29.2,29.4,29.3,29.1
G2F820,2019/10/5 00:00,1004.3,1015.6,1006.1,2019/10/5 21:33,1002.6,2019/10/5 15:11,27.3,8.5,32.7,2019/10/5 12:52,24.2,2019/10/5 05:36,23.7,24.5,2019/10/5 13:43,22.4,2019/10/5 11:26,29.2,30.8,2019/10/5 13:43,27.1,2019/10/5 11:26,81,95,2019/10/5 05:43,56,2019/10/5 13:10,1.5,250,1.5,4.8,300,2019/10/5 13:50,7.4,280,2019/10/5 14:25,0,0,2019/10/5 00:00,0,2019/10/5 00:00,8.9,19.54,30.1,29.9,29.7,29.6,29.4,29.1
G2F820,2019/10/6 00:00,1005.6,1016.9,1007,2019/10/6 23:51,1003.9,2019/10/6 14:20,27.6,8.3,32.9,2019/10/6 12:29,24.7,2019/10/6 05:12,24,25.1,2019/10/6 15:27,22.6,2019/10/6 12:18,29.9,31.8,2019/10/6 15:27,27.4,2019/10/6 12:18,81,95,2019/10/6 05:06,57,2019/10/6 12:18,1.3,240,1.3,3.9,230,2019/10/6 15:40,5.4,260,2019/10/6 15:41,0,0,2019/10/6 00:00,0,2019/10/6 00:00,9.2,16.33,30,30,29.9,29.8,29.5,29.2
G2F820,2019/10/7 00:00,1006.5,1017.8,1008,2019/10/7 09:34,1005,2019/10/7 15:25,27.6,7.6,32.2,2019/10/7 13:59,24.7,2019/10/7 23:53,23.7,24.6,2019/10/7 06:48,22.4,2019/10/7 10:44,29.4,30.9,2019/10/7 06:48,27,2019/10/7 10:44,80,95,2019/10/7 06:03,59,2019/10/7 10:46,1.6,300,1.6,5,320,2019/10/7 15:14,7.2,320,2019/10/7 15:39,0,0,2019/10/7 00:00,0,2019/10/7 00:00,9.8,17.87,30,29.9,29.8,29.8,29.5,29.2
G2F820,2019/10/8 00:00,1005.8,1017.1,1007.5,2019/10/8 09:40,1004.1,2019/10/8 15:02,27.4,8.7,32.6,2019/10/8 13:12,23.9,2019/10/8 06:00,23.2,24.4,2019/10/8 10:55,21.2,2019/10/8 08:06,28.4,30.5,2019/10/8 10:55,25.2,2019/10/8 08:06,78,95,2019/10/8 02:39,58,2019/10/8 13:08,1.7,270,1.7,4.5,320,2019/10/8 16:49,6.6,340,2019/10/8 15:02,0,0,2019/10/8 00:00,0,2019/10/8 00:00,10,18.98,29.9,29.8,29.8,29.7,29.5,29.2
G2F820,2019/10/9 00:00,1004.8,1016,1006.7,2019/10/9 08:53,1002.3,2019/10/9 15:30,27.5,8.4,32.4,2019/10/9 14:11,24,2019/10/9 05:58,23.1,24.5,2019/10/9 10:38,21.8,2019/10/9 13:24,28.2,30.8,2019/10/9 10:38,26.1,2019/10/9 13:24,78,95,2019/10/9 05:56,53,2019/10/9 14:11,1.4,270,1.4,3.9,320,2019/10/9 16:52,5.7,320,2019/10/9 16:33,0,0,2019/10/9 00:00,0,2019/10/9 00:00,8.7,17.46,30.2,30,29.9,29.8,29.6,29.3
G2F820,2019/10/10 00:00,1003.6,1014.9,1005.7,2019/10/10 08:38,1001.5,2019/10/10 15:45,26.6,9.5,32.8,2019/10/10 13:34,23.3,2019/10/10 04:53,22.4,23.7,2019/10/10 08:33,20.5,2019/10/10 13:39,27.1,29.4,2019/10/10 08:33,24.1,2019/10/10 13:39,79,95,2019/10/10 04:52,49,2019/10/10 13:42,1.5,290,1.5,5.5,290,2019/10/10 14:25,7.9,290,2019/10/10 14:19,0,0,2019/10/10 00:00,0,2019/10/10 00:00,9.8,21.24,29.7,29.8,29.8,29.8,29.6,29.3
G2F820,2019/10/11 00:00,1002.2,1013.5,1004.2,2019/10/11 08:33,1000.1,2019/10/11 15:44,26.4,8.5,31.2,2019/10/11 14:44,22.7,2019/10/11 02:46,22.5,23.5,2019/10/11 17:59,21.2,2019/10/11 11:25,27.2,29,2019/10/11 17:59,25.2,2019/10/11 11:25,80,94,2019/10/11 02:47,57,2019/10/11 12:49,1.5,270,1.5,4.2,280,2019/10/11 16:20,6.8,270,2019/10/11 13:02,0,0,2019/10/11 00:00,0,2019/10/11 00:00,9,19.76,29.5,29.6,29.6,29.6,29.6,29.3
G2F820,2019/10/12 00:00,1002.9,1014.1,1004.5,2019/10/12 23:30,1001.3,2019/10/12 16:05,27.1,8.1,31.8,2019/10/12 14:37,23.7,2019/10/12 05:53,22.8,24.2,2019/10/12 19:28,21.4,2019/10/12 15:10,27.8,30.2,2019/10/12 19:28,25.5,2019/10/12 15:10,78,93,2019/10/12 06:04,56,2019/10/12 14:19,1.6,260,1.5,4.3,290,2019/10/12 11:50,6.3,290,2019/10/12 11:42,0,0,2019/10/12 00:00,0,2019/10/12 00:00,9.7,18.45,,,,,,
G2F820,2019/10/13 00:00,1004.8,1016.1,1006.3,2019/10/14 00:00,1003.5,2019/10/13 16:00,26.6,9.5,32.5,2019/10/13 14:33,23,2019/10/13 23:49,21.8,23.4,2019/10/13 10:08,19.8,2019/10/13 19:45,26.1,28.8,2019/10/13 10:08,23,2019/10/13 19:45,76,94,2019/10/13 05:44,49,2019/10/13 14:32,1.7,310,1.8,5.1,310,2019/10/13 15:47,7.9,340,2019/10/13 17:03,0,0,2019/10/13 00:00,0,2019/10/13 00:00,9.7,19.7,29.5,29.6,29.5,29.6,29.5,29.3
G2F820,2019/10/14 00:00,1007.1,1018.4,1008.8,2019/10/14 23:47,1005.7,2019/10/14 03:35,25.5,9.9,31.5,2019/10/14 14:21,21.5,2019/10/14 23:41,19.7,21.8,2019/10/14 11:12,16.7,2019/10/14 22:03,23.1,26.1,2019/10/14 11:12,19,2019/10/14 22:03,71,94,2019/10/14 04:15,49,2019/10/14 14:59,1.9,340,1.9,6.7,350,2019/10/14 15:29,9.6,330,2019/10/14 15:27,0,0,2019/10/14 00:00,0,2019/10/14 00:00,9.1,16.21,28.5,28.9,29,29.2,29.4,29.3
G2F820,2019/10/15 00:00,1008.3,1019.6,1010,2019/10/15 09:42,1006.2,2019/10/15 14:58,25.6,9.8,30.8,2019/10/15 13:19,21,2019/10/15 02:20,18.3,19.7,2019/10/15 11:43,17.2,2019/10/15 15:54,21,22.9,2019/10/15 11:43,19.6,2019/10/15 15:54,66,87,2019/10/15 03:06,45,2019/10/15 13:20,1.9,330,2,6,330,2019/10/15 16:27,9.1,330,2019/10/15 12:29,0,0,2019/10/15 00:00,0,2019/10/15 00:00,9.7,19.99,29.6,28.8,28.5,28.7,29.2,29.3
G2F820,2019/10/16 00:00,1008.3,1019.6,1010,2019/10/16 09:42,1006.2,2019/10/16 14:58,25.6,9.8,30.8,2019/10/16 13:19,21,2019/10/16 02:20,18.3,19.7,2019/10/16 11:43,17.2,2019/10/16 15:54,21,22.9,2019/10/16 11:43,19.6,2019/10/16 15:54,66,87,2019/10/16 03:06,45,2019/10/16 13:20,2,330,2,5.8,320,2019/10/16 15:10,8,340,2019/10/16 15:35,0,0,2019/10/16 00:00,0,2019/10/16 00:00,9.6,20.87,-99.5,-99.5,-99.5,-99.5,-99.5,-99.5
G2F820,2019/10/17 00:00,1006.1,1017.4,1007.8,2019/10/17 09:45,1004.4,2019/10/17 14:22,29.4,3,30.4,2019/10/17 13:08,27.4,2019/10/17 09:44,18.8,20.1,2019/10/17 10:12,17.8,2019/10/17 13:52,21.7,23.5,2019/10/17 10:12,20.4,2019/10/17 13:52,53,61,2019/10/17 09:44,48,2019/10/17 14:10,2.4,330,2.3,6.9,330,2019/10/17 14:03,10.4,310,2019/10/17 12:55,0,0,2019/10/17 00:00,0,2019/10/17 00:00,9.9,21.64,36.1,31.2,29.2,28.3,28.8,29.1
G2F820,2019/10/18 00:00,1006.1,1017.4,1007.8,2019/10/18 09:45,1004.4,2019/10/18 14:22,29.4,3,30.4,2019/10/18 13:08,27.4,2019/10/18 09:44,18.8,20.1,2019/10/18 10:12,17.8,2019/10/18 13:52,21.7,23.5,2019/10/18 10:12,20.4,2019/10/18 13:52,53,61,2019/10/18 09:44,48,2019/10/18 14:10,1.8,330,2,6.2,330,2019/10/18 15:33,8.7,340,2019/10/18 14:12,0,0,2019/10/18 00:00,0,2019/10/18 00:00,9.6,21.68,-99.5,-99.5,-99.5,-99.5,-99.5,-99.5
G2F820,2019/10/19 00:00,1006.1,1017.4,1007.8,2019/10/19 09:45,1004.4,2019/10/19 14:22,29.4,3,30.4,2019/10/19 13:08,27.4,2019/10/19 09:44,18.8,20.1,2019/10/19 10:12,17.8,2019/10/19 13:52,21.7,23.5,2019/10/19 10:12,20.4,2019/10/19 13:52,53,61,2019/10/19 09:44,48,2019/10/19 14:10,2.2,340,2.2,6.9,320,2019/10/19 15:10,9.7,340,2019/10/19 15:35,0,0,2019/10/19 00:00,0,2019/10/19 00:00,9.1,18.24,-99.5,-99.5,-99.5,-99.5,-99.5,-99.5
G2F820,2019/10/20 00:00,1005.8,1017.1,1008.1,2019/10/20 08:47,1004,2019/10/20 14:46,24.8,9.2,29.4,2019/10/20 13:30,20.2,2019/10/20 05:27,17.8,19.2,2019/10/20 05:27,16.8,2019/10/20 15:07,20.4,22.3,2019/10/20 05:27,19.2,2019/10/20 15:07,66,93,2019/10/20 05:27,48,2019/10/20 13:34,2.3,330,2.2,6.2,330,2019/10/20 14:18,9.1,340,2019/10/20 15:44,0,0,2019/10/20 00:00,0,2019/10/20 00:00,9,20.29,28.2,28.1,28,28,28.4,28.8
G2F820,2019/10/21 00:00,1003.2,1014.5,1004.5,2019/10/21 22:07,1001.9,2019/10/21 15:39,24.5,10.3,29.7,2019/10/21 12:48,19.5,2019/10/21 23:53,18.4,19.4,2019/10/21 11:28,17.6,2019/10/21 18:54,21.1,22.6,2019/10/21 11:28,20.1,2019/10/21 18:54,70,92,2019/10/21 23:50,50,2019/10/21 13:41,2.9,330,2.7,6.1,340,2019/10/21 14:32,8.9,340,2019/10/21 14:25,0,0,2019/10/21 00:00,0,2019/10/21 00:00,5.2,10.91,26,27.1,27.5,27.9,28.3,28.8
G2F820,2019/10/22 00:00,1002.7,1014,1004.6,2019/10/22 08:39,1000.7,2019/10/22 14:35,23.9,11.9,30.8,2019/10/22 13:16,18.9,2019/10/22 02:53,18.5,19.6,2019/10/22 07:53,16.9,2019/10/22 11:28,21.4,22.7,2019/10/22 07:53,19.3,2019/10/22 11:28,74,95,2019/10/22 03:03,46,2019/10/22 13:16,1.5,290,1.4,5.1,280,2019/10/22 14:41,7.9,290,2019/10/22 14:35,0,0,2019/10/22 00:00,0,2019/10/22 00:00,9.3,20.45,26.1,26.9,27.2,27.6,28.2,28.7
G2F820,2019/10/23 00:00,1003.4,1014.6,1005.4,2019/10/23 22:40,1001.7,2019/10/23 14:29,24.3,11.6,31.3,2019/10/23 13:48,19.8,2019/10/23 02:08,19.1,20.3,2019/10/23 19:54,17.8,2019/10/23 09:47,22.1,23.8,2019/10/23 19:54,20.3,2019/10/23 09:47,74,92,2019/10/23 01:54,46,2019/10/23 12:18,0,0,0.4,0.4,100,2019/10/23 00:01,0.5,110,2019/10/23 00:04,0,0,2019/10/23 00:00,0,2019/10/23 00:00,0,0,26.4,27,27.3,27.6,28.1,28.6
G2F820,2019/10/26 00:00,1007.4,1018.7,1009.1,2019/10/26 08:20,1005.5,2019/10/26 14:35,24.1,10.4,30.4,2019/10/26 13:26,20,2019/10/26 06:12,19.7,21.1,2019/10/26 09:03,18.5,2019/10/26 00:01,23,25,2019/10/26 09:03,21.3,2019/10/26 00:01,77,94,2019/10/26 06:12,50,2019/10/26 14:27,1.9,290,1.8,6.3,320,2019/10/26 14:58,8.4,330,2019/10/26 14:54,0,0,2019/10/26 00:00,0,2019/10/26 00:00,9.4,18.32,25,25.7,26.2,26.9,27.8,28.4
G2F820,2019/10/31 00:00,1006.1,1017.4,1007.4,2019/10/31 08:14,1004.4,2019/10/31 13:55,24.7,9.9,30.8,2019/10/31 13:56,20.9,2019/10/31 04:07,21.2,22.3,2019/10/31 17:08,20,2019/10/31 04:06,25.2,26.9,2019/10/31 17:08,23.4,2019/10/31 04:06,82,95,2019/10/31 06:11,58,2019/10/31 13:55,1.6,320,1.5,5.3,310,2019/10/31 15:00,8.4,320,2019/10/31 13:46,0,0,2019/10/31 00:00,0,2019/10/31 00:00,9.1,16.79,25.1,26.1,26.5,26.8,27.1,27.8
G2F820,2019/11/1 00:00,1004.5,1015.7,1006.9,2019/11/1 10:02,1003.2,2019/11/1 15:21,26.8,9.2,31.2,2019/11/1 13:43,22,2019/11/2 00:00,21.2,22.8,2019/11/1 10:37,19.7,2019/11/1 23:42,25.2,27.8,2019/11/1 10:37,23,2019/11/1 23:42,72,90,2019/11/2 00:00,58,2019/11/1 15:34,2.1,310,2.1,4.5,340,2019/11/1 16:14,6.4,340,2019/11/1 16:07,0,0,2019/11/1 00:00,0,2019/11/1 00:00,6.2,12.12,26,26.3,26.5,26.8,27.2,27.8
G2F820,2019/11/2 00:00,1004.2,1015.4,1005.7,2019/11/2 08:05,1002.1,2019/11/2 14:49,24.9,9.7,31.1,2019/11/2 14:40,21.3,2019/11/2 02:36,20.9,22.1,2019/11/2 14:42,19.7,2019/11/2 04:32,24.8,26.6,2019/11/2 14:42,23,2019/11/2 04:32,79,93,2019/11/2 05:18,55,2019/11/2 13:27,1.4,310,1.4,4.4,270,2019/11/2 15:29,6.3,270,2019/11/2 15:25,0,0,2019/11/2 00:00,0,2019/11/2 00:00,8.9,16.93,26,26.2,26.4,26.8,27.3,27.8
G2F820,2019/11/3 00:00,1003.9,1015.1,1006.2,2019/11/3 08:47,1002.6,2019/11/3 14:45,24.5,9.4,30.3,2019/11/3 13:01,20.9,2019/11/3 06:11,20.7,21.7,2019/11/3 09:05,19.6,2019/11/3 21:23,24.3,25.9,2019/11/3 09:05,22.7,2019/11/3 21:23,80,97,2019/11/3 05:48,58,2019/11/3 13:01,2.2,350,2.2,6.3,350,2019/11/3 16:13,9.4,30,2019/11/3 18:42,0,0,2019/11/3 00:00,0,2019/11/3 00:00,9.1,17.95,25.5,25.8,26.1,26.6,27.2,27.8
G2F820,2019/11/4 00:00,1003.2,1014.5,1005.1,2019/11/4 09:29,1001.7,2019/11/4 14:44,24,6.4,28.2,2019/11/4 10:22,21.8,2019/11/4 23:53,17.8,20.3,2019/11/4 00:11,16,2019/11/4 09:45,20.3,23.8,2019/11/4 00:11,18.2,2019/11/4 09:45,68,88,2019/11/4 00:17,50,2019/11/4 10:23,3.6,350,3.6,6.3,330,2019/11/4 13:29,9.4,330,2019/11/4 13:24,0,0,2019/11/4 00:00,0,2019/11/4 00:00,8.7,14.14,23.8,24.4,25.1,25.9,27,27.7
G2F820,2019/11/5 00:00,1001.6,1012.8,1003.2,2019/11/5 00:02,999.6,2019/11/5 13:33,23.7,9.8,29.7,2019/11/5 13:21,19.9,2019/11/5 23:59,17.5,18.6,2019/11/5 13:26,16.3,2019/11/5 23:23,20,21.4,2019/11/5 13:26,18.6,2019/11/5 23:23,69,88,2019/11/5 05:07,50,2019/11/5 13:22,2.3,330,2.2,5.5,320,2019/11/5 14:15,7.9,320,2019/11/5 14:14,0,0,2019/11/5 00:00,0,2019/11/5 00:00,9.1,19.7,24.2,24.5,24.8,25.5,26.6,27.6
G2F820,2019/11/6 00:00,1001.2,1012.4,1002.8,2019/11/6 08:36,999.1,2019/11/6 13:51,23.2,10.4,29.9,2019/11/6 13:26,19.5,2019/11/6 05:17,18.1,19,2019/11/6 21:48,16.5,2019/11/6 03:37,20.7,22,2019/11/6 21:48,18.7,2019/11/6 03:37,74,93,2019/11/6 23:57,48,2019/11/6 13:27,1.5,290,1.6,6.1,300,2019/11/6 14:34,8.6,300,2019/11/6 14:38,0,0,2019/11/6 00:00,0,2019/11/6 00:00,9.2,18.99,24.2,24.5,24.9,25.4,26.4,27.4
G2F820,2019/11/8 00:00,1005.4,1016.7,1007.4,2019/11/8 23:29,1003.5,2019/11/8 14:59,22.1,12,29.2,2019/11/8 12:46,17.3,2019/11/8 23:50,15.7,17.9,2019/11/8 07:31,13.9,2019/11/8 16:46,17.9,20.5,2019/11/8 07:31,15.9,2019/11/8 16:46,69,93,2019/11/8 04:32,42,2019/11/8 12:48,2.4,350,2.3,7.2,330,2019/11/8 13:54,10,340,2019/11/8 13:51,0,0,2019/11/8 00:00,0,2019/11/8 00:00,9.5,20.33,22.8,23.5,24,24.8,26,27.2
G2F820,2019/11/9 00:00,1006.9,1018.2,1009.2,2019/11/9 08:58,1004.3,2019/11/9 15:45,21.3,12.1,28.5,2019/11/9 13:34,16.4,2019/11/9 23:38,15,16.4,2019/11/9 06:57,13.8,2019/11/9 08:39,17.1,18.6,2019/11/9 06:57,15.8,2019/11/9 08:39,70,93,2019/11/9 06:11,42,2019/11/9 13:36,2.2,340,2.3,6.5,330,2019/11/9 15:33,9.3,340,2019/11/9 15:31,0,0,2019/11/9 00:00,0,2019/11/9 00:00,9.5,20.12,22,22.7,23.3,24.1,25.6,27
G2F820,2019/11/12 00:00,1007.4,1018.7,1009.3,2019/11/12 08:42,1005.7,2019/11/12 14:56,21.6,13,29.2,2019/11/12 13:41,16.2,2019/11/12 06:17,15.8,17.2,2019/11/12 09:22,12.1,2019/11/12 12:29,18,19.6,2019/11/12 09:22,14.1,2019/11/12 12:29,72,95,2019/11/12 06:23,35,2019/11/12 12:26,1.5,270,1.5,5.3,290,2019/11/12 14:00,7.6,300,2019/11/12 13:57,0,0,2019/11/12 00:00,0,2019/11/12 00:00,9.2,18.7,20.6,22,22.7,23.6,24.9,26.4
G2F820,2019/11/16 00:00,1006.3,1017.6,1007.9,2019/11/16 09:05,1004.5,2019/11/16 15:25,21.7,11.2,28.1,2019/11/16 12:59,16.9,2019/11/16 06:02,17.4,18.6,2019/11/16 21:57,16.2,2019/11/16 05:47,19.9,21.4,2019/11/16 21:57,18.4,2019/11/16 05:47,78,95,2019/11/16 05:36,52,2019/11/16 13:07,1.3,240,1.3,4.1,270,2019/11/16 14:13,6.2,260,2019/11/16 14:06,0,0,2019/11/16 00:00,0,2019/11/16 00:00,9.1,16.62,22.3,22.7,23,23.5,24.4,25.8
G2F820,2019/11/17 00:00,1006,1017.3,1007.7,2019/11/17 08:40,1003.3,2019/11/17 15:13,22.7,14.2,30.7,2019/11/17 13:42,16.5,2019/11/17 05:59,18,20.6,2019/11/17 17:57,15.2,2019/11/17 11:45,20.7,24.2,2019/11/17 17:57,17.2,2019/11/17 11:45,77,97,2019/11/17 06:04,42,2019/11/17 12:20,1.5,320,1.5,4.5,320,2019/11/17 13:52,6.8,310,2019/11/17 11:55,0,0,2019/11/17 00:00,0,2019/11/17 00:00,9.3,19.32,23.1,23.1,23.3,23.6,24.4,25.7
G2F820,2019/11/18 00:00,1004.9,1016.2,1006.8,2019/11/18 08:26,1002.7,2019/11/18 14:27,22.5,14.2,30.6,2019/11/18 13:27,16.4,2019/11/18 06:34,17.4,20,2019/11/18 14:10,15.7,2019/11/18 05:38,19.8,23.4,2019/11/18 14:10,17.8,2019/11/18 05:38,74,96,2019/11/18 06:40,45,2019/11/18 13:59,2.3,340,2.3,6.7,330,2019/11/18 15:05,9.2,340,2019/11/18 16:05,0,0,2019/11/18 00:00,0,2019/11/18 00:00,9.1,17.92,23,23,23.2,23.6,24.4,25.6
G2F820,2019/11/19 00:00,1005.6,1016.9,1007.5,2019/11/19 21:55,1004,2019/11/19 02:33,20.7,5,23.8,2019/11/19 12:41,18.8,2019/11/19 21:08,14.5,15.9,2019/11/19 00:02,13.6,2019/11/19 22:36,16.5,18.1,2019/11/19 00:02,15.6,2019/11/19 22:36,68,78,2019/11/19 04:29,55,2019/11/19 12:42,3.2,350,3.2,6,350,2019/11/19 12:01,8.8,20,2019/11/19 08:08,0,0,2019/11/19 00:00,0,2019/11/19 00:00,7.8,8.91,20.6,21.4,22.1,23,24.3,25.6
G2F820,2019/11/20 00:00,1007.1,1018.4,1009.1,2019/11/20 09:01,1005.4,2019/11/20 15:14,21.4,8.6,25.9,2019/11/20 11:34,17.3,2019/11/21 00:00,15.2,16.4,2019/11/20 13:16,14.3,2019/11/20 05:02,17.3,18.7,2019/11/20 13:16,16.3,2019/11/20 05:02,68,88,2019/11/20 23:55,54,2019/11/20 11:34,1.9,320,1.9,4.5,320,2019/11/20 15:07,6.5,340,2019/11/20 18:16,0,0,2019/11/20 00:00,0,2019/11/20 00:00,8.4,12.36,21.7,21.9,22.3,22.8,24,25.5
G2F820,2019/11/21 00:00,1006.3,1017.6,1008.2,2019/11/21 08:56,1004.2,2019/11/21 14:36,21.5,12.4,28.8,2019/11/21 13:20,16.4,2019/11/21 03:03,17.2,19.2,2019/11/21 15:00,15.2,2019/11/21 01:56,19.7,22.2,2019/11/21 15:00,17.3,2019/11/21 01:56,77,93,2019/11/21 02:47,51,2019/11/21 12:08,2.4,340,2.2,6.7,330,2019/11/21 15:11,10.2,340,2019/11/21 16:27,0,0,2019/11/21 00:00,0,2019/11/21 00:00,8.9,16.98,22,22.2,22.4,22.9,23.9,25.3
G2F820,2019/11/22 00:00,1005.3,1016.6,1006.5,2019/11/22 09:01,1003.4,2019/11/22 15:43,23.4,12,30.2,2019/11/22 13:56,18.2,2019/11/22 06:17,19.3,21.1,2019/11/22 14:26,17.5,2019/11/22 06:17,22.5,25,2019/11/22 14:26,20,2019/11/22 06:17,79,96,2019/11/22 06:54,52,2019/11/22 13:12,1.4,320,1.4,4.8,320,2019/11/22 15:44,6.2,340,2019/11/22 15:35,0,0,2019/11/22 00:00,0,2019/11/22 00:00,9.1,18.03,23.6,23.4,23.4,23.5,24,25.2
G2F820,2019/11/23 00:00,1007.1,1018.4,1009.4,2019/11/23 09:02,1005.2,2019/11/23 14:11,22.7,10.8,29.1,2019/11/23 12:16,18.3,2019/11/23 06:01,19.9,21.7,2019/11/23 14:46,17.7,2019/11/23 06:31,23.3,26,2019/11/23 14:46,20.2,2019/11/23 06:31,85,98,2019/11/23 05:24,55,2019/11/23 12:18,1.2,320,1.4,5.2,340,2019/11/23 15:44,7.1,320,2019/11/23 13:19,0,0,2019/11/23 00:00,0,2019/11/23 00:00,7.9,14.29,23.3,23.5,23.6,23.8,24.3,25.2
G2F820,2019/11/24 00:00,1007.8,1019.1,1009.6,2019/11/24 22:32,1005.8,2019/11/24 15:09,23.6,11.5,30.5,2019/11/24 13:21,19,2019/11/24 05:02,20,21.3,2019/11/24 14:48,18.4,2019/11/24 12:46,23.4,25.3,2019/11/24 14:48,21.1,2019/11/24 12:46,81,98,2019/11/24 04:54,49,2019/11/24 12:44,1.3,270,1.4,5.3,280,2019/11/24 14:38,7.5,290,2019/11/24 14:38,0,0,2019/11/24 00:00,0,2019/11/24 00:00,9.1,16.6,23.8,23.8,23.9,24.1,24.4,25.2
G2F820,2019/11/25 00:00,1009.6,1020.9,1011.7,2019/11/25 09:35,1007.4,2019/11/25 14:27,22.8,10.9,29.9,2019/11/25 14:02,19.1,2019/11/25 05:53,18.5,20.4,2019/11/25 11:32,17.1,2019/11/25 23:08,21.4,24,2019/11/25 11:32,19.5,2019/11/25 23:08,78,97,2019/11/25 06:13,50,2019/11/25 14:06,2,340,1.9,6.2,340,2019/11/25 15:17,8.8,350,2019/11/25 15:29,0,0,2019/11/25 00:00,0,2019/11/25 00:00,8.6,15.59,23.2,23.5,23.8,24.1,24.6,25.3
G2F820,2019/11/26 00:00,1010.1,1021.4,1011.5,2019/11/26 10:05,1007.8,2019/11/26 15:07,22.8,10.2,29,2019/11/26 14:10,18.8,2019/11/26 23:53,17.4,19.3,2019/11/26 13:24,15.7,2019/11/26 06:30,19.9,22.4,2019/11/26 13:24,17.8,2019/11/26 06:30,72,91,2019/11/26 23:55,51,2019/11/26 14:54,1.3,290,1.4,3.8,280,2019/11/26 15:55,6.4,310,2019/11/26 13:15,0,0,2019/11/26 00:00,0,2019/11/26 00:00,8.8,16.52,23.2,23.4,23.6,23.9,24.5,25.3
G2F820,2019/11/27 00:00,1009.6,1020.9,1011.4,2019/11/27 08:59,1006.5,2019/11/27 14:45,21.8,13.2,30.3,2019/11/27 13:33,17.2,2019/11/27 05:53,17.8,20,2019/11/27 14:11,16.4,2019/11/27 05:44,20.5,23.4,2019/11/27 14:11,18.7,2019/11/27 05:44,79,96,2019/11/27 06:13,48,2019/11/27 13:25,1.4,310,1.4,4.8,300,2019/11/27 13:45,6.7,310,2019/11/27 13:38,0,0,2019/11/27 00:00,0,2019/11/27 00:00,8.7,15.37,22.4,22.9,23.3,23.7,24.5,25.3
G2F820,2019/11/28 00:00,1010.5,1021.9,1012.1,2019/11/28 09:30,1008.3,2019/11/28 14:35,20.1,7.5,24.8,2019/11/28 13:21,17.2,2019/11/28 06:30,15.1,17.6,2019/11/28 03:41,12.6,2019/11/28 21:53,17.2,20.1,2019/11/28 03:41,14.6,2019/11/28 21:53,73,94,2019/11/28 02:09,55,2019/11/28 13:22,3.1,340,3.1,7.8,330,2019/11/28 13:29,11.4,330,2019/11/28 13:33,0,0,2019/11/28 00:00,0,2019/11/28 00:00,9.2,18.2,21,21.8,22.4,23.2,24.3,25.3
G2F820,2019/11/29 00:00,1011.2,1022.5,1012.9,2019/11/29 09:09,1009.4,2019/11/29 14:33,20.5,8.7,26.2,2019/11/29 14:51,17.5,2019/11/29 01:53,13.6,14.9,2019/11/29 23:58,12.3,2019/11/29 09:22,15.6,17,2019/11/29 23:58,14.3,2019/11/29 09:22,65,82,2019/11/29 23:33,45,2019/11/29 14:49,1.7,320,1.7,4.6,330,2019/11/29 15:47,7.7,320,2019/11/29 14:15,0,0,2019/11/29 00:00,0,2019/11/29 00:00,8.2,16.82,21,21.5,22,22.6,23.9,25.2
G2F820,2019/11/30 00:00,1010.1,1021.5,1012,2019/11/30 08:54,1007.5,2019/11/30 14:48,20.6,11.9,26.9,2019/11/30 12:53,15,2019/11/30 06:05,16.2,18.8,2019/11/30 21:24,13.2,2019/11/30 11:39,18.5,21.7,2019/11/30 21:24,15.2,2019/11/30 11:39,77,93,2019/11/30 06:30,45,2019/11/30 12:15,1.7,300,1.5,4.2,310,2019/11/30 14:57,6.5,290,2019/11/30 13:38,0,0,2019/11/30 00:00,0,2019/11/30 00:00,8.9,17,21.3,21.6,21.9,22.4,23.6,25
